Type,Group,SgPic,PlPic,Sg,Pl,opt1,opt2,opt3,opt4,opt5,opt6,opt7,opt8,ItemID,Ask for singular or plural?,objects,SgPicZip,PlPicZip
Training & Test,1,https://lh3.googleusercontent.com/u/0/d/1-XIh16Zsgrgad-0Qx36UoxLUjh-fL_DT=s3200-k-iv1,https://lh3.googleusercontent.com/u/0/d/1dVOJaOSOyyiZFiRzXLISz7wuSa2Kl_mc=s3200-k-iv1,fosav,fosek,fosav,fosek,fosib,fosod,fosug,fosal,fosit,fosup,1,Singular,bananas,One banana.jpg,Two bananas.jpg
Training & Test,2,https://lh3.googleusercontent.com/u/0/d/1-XIh16Zsgrgad-0Qx36UoxLUjh-fL_DT=s3200-k-iv1,https://lh3.googleusercontent.com/u/0/d/1dVOJaOSOyyiZFiRzXLISz7wuSa2Kl_mc=s3200-k-iv1,fosav,fosek,fosav,fosek,fosib,fosod,fosug,fosal,fosit,fosup,1,Singular,bananas,One banana.jpg,Two bananas.jpg
Training & Test,3,https://lh3.googleusercontent.com/u/0/d/1-XIh16Zsgrgad-0Qx36UoxLUjh-fL_DT=s3200-k-iv1,https://lh3.googleusercontent.com/u/0/d/1dVOJaOSOyyiZFiRzXLISz7wuSa2Kl_mc=s3200-k-iv1,fosav,fosek,fosav,fosek,fosib,fosod,fosug,fosal,fosit,fosup,1,Singular,bananas,One banana.jpg,Two bananas.jpg
Training & Test,4,https://lh3.googleusercontent.com/u/0/d/1-XIh16Zsgrgad-0Qx36UoxLUjh-fL_DT=s3200-k-iv1,https://lh3.googleusercontent.com/u/0/d/1dVOJaOSOyyiZFiRzXLISz7wuSa2Kl_mc=s3200-k-iv1,fosug,fosal,fosav,fosek,fosib,fosod,fosug,fosal,fosit,fosup,1,Singular,bananas,One banana.jpg,Two bananas.jpg
Training & Test,5,https://lh3.googleusercontent.com/u/0/d/1-XIh16Zsgrgad-0Qx36UoxLUjh-fL_DT=s3200-k-iv1,https://lh3.googleusercontent.com/u/0/d/1dVOJaOSOyyiZFiRzXLISz7wuSa2Kl_mc=s3200-k-iv1,fosib,fosod,fosav,fosek,fosib,fosod,fosug,fosal,fosit,fosup,1,Singular,bananas,One banana.jpg,Two bananas.jpg
Training & Test,6,https://lh3.googleusercontent.com/u/0/d/1-XIh16Zsgrgad-0Qx36UoxLUjh-fL_DT=s3200-k-iv1,https://lh3.googleusercontent.com/u/0/d/1dVOJaOSOyyiZFiRzXLISz7wuSa2Kl_mc=s3200-k-iv1,fosib,fosod,fosav,fosek,fosib,fosod,fosug,fosal,fosit,fosup,1,Singular,bananas,One banana.jpg,Two bananas.jpg
Training & Test,1,https://lh3.googleusercontent.com/u/0/d/12-GHvY_6ksWkw3lmW4dfygxtWPgWzOU9=s3200-k-iv1,https://lh3.googleusercontent.com/u/0/d/1h1nR3c4NlrHtN4gNi8Y0iTkn0AKy0yBm=s3200-k-iv1,namib,namod,namav,namek,namib,namod,namug,namal,namit,namup,2,Singular,bears,One bear.jpg,Two bears.jpg
Training & Test,2,https://lh3.googleusercontent.com/u/0/d/12-GHvY_6ksWkw3lmW4dfygxtWPgWzOU9=s3200-k-iv1,https://lh3.googleusercontent.com/u/0/d/1h1nR3c4NlrHtN4gNi8Y0iTkn0AKy0yBm=s3200-k-iv1,namav,namek,namav,namek,namib,namod,namug,namal,namit,namup,2,Singular,bears,One bear.jpg,Two bears.jpg
Training & Test,3,https://lh3.googleusercontent.com/u/0/d/12-GHvY_6ksWkw3lmW4dfygxtWPgWzOU9=s3200-k-iv1,https://lh3.googleusercontent.com/u/0/d/1h1nR3c4NlrHtN4gNi8Y0iTkn0AKy0yBm=s3200-k-iv1,namib,namod,namav,namek,namib,namod,namug,namal,namit,namup,2,Singular,bears,One bear.jpg,Two bears.jpg
Training & Test,4,https://lh3.googleusercontent.com/u/0/d/12-GHvY_6ksWkw3lmW4dfygxtWPgWzOU9=s3200-k-iv1,https://lh3.googleusercontent.com/u/0/d/1h1nR3c4NlrHtN4gNi8Y0iTkn0AKy0yBm=s3200-k-iv1,namav,namek,namav,namek,namib,namod,namug,namal,namit,namup,2,Singular,bears,One bear.jpg,Two bears.jpg
Training & Test,5,https://lh3.googleusercontent.com/u/0/d/12-GHvY_6ksWkw3lmW4dfygxtWPgWzOU9=s3200-k-iv1,https://lh3.googleusercontent.com/u/0/d/1h1nR3c4NlrHtN4gNi8Y0iTkn0AKy0yBm=s3200-k-iv1,namug,namal,namav,namek,namib,namod,namug,namal,namit,namup,2,Singular,bears,One bear.jpg,Two bears.jpg
Training & Test,6,https://lh3.googleusercontent.com/u/0/d/12-GHvY_6ksWkw3lmW4dfygxtWPgWzOU9=s3200-k-iv1,https://lh3.googleusercontent.com/u/0/d/1h1nR3c4NlrHtN4gNi8Y0iTkn0AKy0yBm=s3200-k-iv1,namug,namal,namav,namek,namib,namod,namug,namal,namit,namup,2,Singular,bears,One bear.jpg,Two bears.jpg
Training & Test,1,https://lh3.googleusercontent.com/u/0/d/1p-sgYihEglZCuLRlvxoYkllkDa5NSkPO=s3200-k-iv1,https://lh3.googleusercontent.com/u/0/d/1jaiipOg5MdI6D4etlPxwzd77xwwjaF3l=s3200-k-iv1,herib,herod,herav,herek,herib,herod,herug,heral,herit,herup,3,Singular,calculators,One calculator.jpg,Two calculators.jpg
Training & Test,2,https://lh3.googleusercontent.com/u/0/d/1p-sgYihEglZCuLRlvxoYkllkDa5NSkPO=s3200-k-iv1,https://lh3.googleusercontent.com/u/0/d/1jaiipOg5MdI6D4etlPxwzd77xwwjaF3l=s3200-k-iv1,herib,herod,herav,herek,herib,herod,herug,heral,herit,herup,3,Singular,calculators,One calculator.jpg,Two calculators.jpg
Training & Test,3,https://lh3.googleusercontent.com/u/0/d/1p-sgYihEglZCuLRlvxoYkllkDa5NSkPO=s3200-k-iv1,https://lh3.googleusercontent.com/u/0/d/1jaiipOg5MdI6D4etlPxwzd77xwwjaF3l=s3200-k-iv1,herib,herek,herav,herek,herib,herod,herug,heral,herit,herup,3,Singular,calculators,One calculator.jpg,Two calculators.jpg
Training & Test,4,https://lh3.googleusercontent.com/u/0/d/1p-sgYihEglZCuLRlvxoYkllkDa5NSkPO=s3200-k-iv1,https://lh3.googleusercontent.com/u/0/d/1jaiipOg5MdI6D4etlPxwzd77xwwjaF3l=s3200-k-iv1,herav,herek,herav,herek,herib,herod,herug,heral,herit,herup,3,Singular,calculators,One calculator.jpg,Two calculators.jpg
Training & Test,5,https://lh3.googleusercontent.com/u/0/d/1p-sgYihEglZCuLRlvxoYkllkDa5NSkPO=s3200-k-iv1,https://lh3.googleusercontent.com/u/0/d/1jaiipOg5MdI6D4etlPxwzd77xwwjaF3l=s3200-k-iv1,herav,herod,herav,herek,herib,herod,herug,heral,herit,herup,3,Singular,calculators,One calculator.jpg,Two calculators.jpg
Training & Test,6,https://lh3.googleusercontent.com/u/0/d/1p-sgYihEglZCuLRlvxoYkllkDa5NSkPO=s3200-k-iv1,https://lh3.googleusercontent.com/u/0/d/1jaiipOg5MdI6D4etlPxwzd77xwwjaF3l=s3200-k-iv1,herib,herod,herav,herek,herib,herod,herug,heral,herit,herup,3,Singular,calculators,One calculator.jpg,Two calculators.jpg
Training & Test,1,https://lh3.googleusercontent.com/u/0/d/1lQr4HMhNy-psm9AM_L-3s3mek84O6a6K=s3200-k-iv1,https://lh3.googleusercontent.com/u/0/d/1SlpyDbWZzPXw1cZT-OWxce5JGzyiuHWc=s3200-k-iv1,vipav,vipek,vipav,vipek,vipib,vipod,vipug,vipal,vipit,vipup,4,Singular,avocados,One avocado.jpg,Two avocados.jpg
Training & Test,2,https://lh3.googleusercontent.com/u/0/d/1lQr4HMhNy-psm9AM_L-3s3mek84O6a6K=s3200-k-iv1,https://lh3.googleusercontent.com/u/0/d/1SlpyDbWZzPXw1cZT-OWxce5JGzyiuHWc=s3200-k-iv1,vipib,vipod,vipav,vipek,vipib,vipod,vipug,vipal,vipit,vipup,4,Singular,avocados,One avocado.jpg,Two avocados.jpg
Training & Test,3,https://lh3.googleusercontent.com/u/0/d/1lQr4HMhNy-psm9AM_L-3s3mek84O6a6K=s3200-k-iv1,https://lh3.googleusercontent.com/u/0/d/1SlpyDbWZzPXw1cZT-OWxce5JGzyiuHWc=s3200-k-iv1,vipib,vipek,vipav,vipek,vipib,vipod,vipug,vipal,vipit,vipup,4,Singular,avocados,One avocado.jpg,Two avocados.jpg
Training & Test,4,https://lh3.googleusercontent.com/u/0/d/1lQr4HMhNy-psm9AM_L-3s3mek84O6a6K=s3200-k-iv1,https://lh3.googleusercontent.com/u/0/d/1SlpyDbWZzPXw1cZT-OWxce5JGzyiuHWc=s3200-k-iv1,vipib,vipod,vipav,vipek,vipib,vipod,vipug,vipal,vipit,vipup,4,Singular,avocados,One avocado.jpg,Two avocados.jpg
Training & Test,5,https://lh3.googleusercontent.com/u/0/d/1lQr4HMhNy-psm9AM_L-3s3mek84O6a6K=s3200-k-iv1,https://lh3.googleusercontent.com/u/0/d/1SlpyDbWZzPXw1cZT-OWxce5JGzyiuHWc=s3200-k-iv1,vipav,vipod,vipav,vipek,vipib,vipod,vipug,vipal,vipit,vipup,4,Singular,avocados,One avocado.jpg,Two avocados.jpg
Training & Test,6,https://lh3.googleusercontent.com/u/0/d/1lQr4HMhNy-psm9AM_L-3s3mek84O6a6K=s3200-k-iv1,https://lh3.googleusercontent.com/u/0/d/1SlpyDbWZzPXw1cZT-OWxce5JGzyiuHWc=s3200-k-iv1,vipug,vipal,vipav,vipek,vipib,vipod,vipug,vipal,vipit,vipup,4,Singular,avocados,One avocado.jpg,Two avocados.jpg
Training & Test,1,https://lh3.googleusercontent.com/u/0/d/1APbyh7hVZqWtIttn1NwGR0Daulb5xM9g=s3200-k-iv1,https://lh3.googleusercontent.com/u/0/d/1pNmhfOCe022JvC3m29KLH1jPe7uRWYWp=s3200-k-iv1,gutib,gutod,gutav,gutek,gutib,gutod,gutug,gutal,gutit,gutup,5,Singular,cans,One can.jpg,Two cans.jpg
Training & Test,2,https://lh3.googleusercontent.com/u/0/d/1APbyh7hVZqWtIttn1NwGR0Daulb5xM9g=s3200-k-iv1,https://lh3.googleusercontent.com/u/0/d/1pNmhfOCe022JvC3m29KLH1jPe7uRWYWp=s3200-k-iv1,gutib,gutod,gutav,gutek,gutib,gutod,gutug,gutal,gutit,gutup,5,Singular,cans,One can.jpg,Two cans.jpg
Training & Test,3,https://lh3.googleusercontent.com/u/0/d/1APbyh7hVZqWtIttn1NwGR0Daulb5xM9g=s3200-k-iv1,https://lh3.googleusercontent.com/u/0/d/1pNmhfOCe022JvC3m29KLH1jPe7uRWYWp=s3200-k-iv1,gutav,gutod,gutav,gutek,gutib,gutod,gutug,gutal,gutit,gutup,5,Singular,cans,One can.jpg,Two cans.jpg
Training & Test,4,https://lh3.googleusercontent.com/u/0/d/1APbyh7hVZqWtIttn1NwGR0Daulb5xM9g=s3200-k-iv1,https://lh3.googleusercontent.com/u/0/d/1pNmhfOCe022JvC3m29KLH1jPe7uRWYWp=s3200-k-iv1,gutav,gutek,gutav,gutek,gutib,gutod,gutug,gutal,gutit,gutup,5,Singular,cans,One can.jpg,Two cans.jpg
Training & Test,5,https://lh3.googleusercontent.com/u/0/d/1APbyh7hVZqWtIttn1NwGR0Daulb5xM9g=s3200-k-iv1,https://lh3.googleusercontent.com/u/0/d/1pNmhfOCe022JvC3m29KLH1jPe7uRWYWp=s3200-k-iv1,gutug,gutal,gutav,gutek,gutib,gutod,gutug,gutal,gutit,gutup,5,Singular,cans,One can.jpg,Two cans.jpg
Training & Test,6,https://lh3.googleusercontent.com/u/0/d/1APbyh7hVZqWtIttn1NwGR0Daulb5xM9g=s3200-k-iv1,https://lh3.googleusercontent.com/u/0/d/1pNmhfOCe022JvC3m29KLH1jPe7uRWYWp=s3200-k-iv1,gutav,gutek,gutav,gutek,gutib,gutod,gutug,gutal,gutit,gutup,5,Singular,cans,One can.jpg,Two cans.jpg
Training & Test,1,https://lh3.googleusercontent.com/u/0/d/1Hge-hE82ee_JChO34UBT-9_dvE4XabCK=s3200-k-iv1,https://lh3.googleusercontent.com/u/0/d/1tYhJgwZ6wK0kW4vZhXurW9EET5WW2xK3=s3200-k-iv1,savib,savod,savav,savek,savib,savod,savug,saval,savit,savup,6,Singular,casettes,One casette.jpg,Two casettes.jpg
Training & Test,2,https://lh3.googleusercontent.com/u/0/d/1Hge-hE82ee_JChO34UBT-9_dvE4XabCK=s3200-k-iv1,https://lh3.googleusercontent.com/u/0/d/1tYhJgwZ6wK0kW4vZhXurW9EET5WW2xK3=s3200-k-iv1,savav,savod,savav,savek,savib,savod,savug,saval,savit,savup,6,Singular,casettes,One casette.jpg,Two casettes.jpg
Training & Test,3,https://lh3.googleusercontent.com/u/0/d/1Hge-hE82ee_JChO34UBT-9_dvE4XabCK=s3200-k-iv1,https://lh3.googleusercontent.com/u/0/d/1tYhJgwZ6wK0kW4vZhXurW9EET5WW2xK3=s3200-k-iv1,savav,savek,savav,savek,savib,savod,savug,saval,savit,savup,6,Singular,casettes,One casette.jpg,Two casettes.jpg
Training & Test,4,https://lh3.googleusercontent.com/u/0/d/1Hge-hE82ee_JChO34UBT-9_dvE4XabCK=s3200-k-iv1,https://lh3.googleusercontent.com/u/0/d/1tYhJgwZ6wK0kW4vZhXurW9EET5WW2xK3=s3200-k-iv1,savug,saval,savav,savek,savib,savod,savug,saval,savit,savup,6,Singular,casettes,One casette.jpg,Two casettes.jpg
Training & Test,5,https://lh3.googleusercontent.com/u/0/d/1Hge-hE82ee_JChO34UBT-9_dvE4XabCK=s3200-k-iv1,https://lh3.googleusercontent.com/u/0/d/1tYhJgwZ6wK0kW4vZhXurW9EET5WW2xK3=s3200-k-iv1,savav,savek,savav,savek,savib,savod,savug,saval,savit,savup,6,Singular,casettes,One casette.jpg,Two casettes.jpg
Training & Test,6,https://lh3.googleusercontent.com/u/0/d/1Hge-hE82ee_JChO34UBT-9_dvE4XabCK=s3200-k-iv1,https://lh3.googleusercontent.com/u/0/d/1tYhJgwZ6wK0kW4vZhXurW9EET5WW2xK3=s3200-k-iv1,savit,savup,savav,savek,savib,savod,savug,saval,savit,savup,6,Singular,casettes,One casette.jpg,Two casettes.jpg
Training & Test,1,https://lh3.googleusercontent.com/u/0/d/1-um4xxtvq-pNC793_vctm28O07w0fpy1=s3200-k-iv1,https://lh3.googleusercontent.com/u/0/d/1mHqr72UDbtbjj--W-0_0j9czziuNFLgX=s3200-k-iv1,yezav,yezek,yezav,yezek,yezib,yezod,yezug,yezal,yezit,yezup,7,Singular,chairs,One chair.jpg,Two chairs.jpg
Training & Test,2,https://lh3.googleusercontent.com/u/0/d/1-um4xxtvq-pNC793_vctm28O07w0fpy1=s3200-k-iv1,https://lh3.googleusercontent.com/u/0/d/1mHqr72UDbtbjj--W-0_0j9czziuNFLgX=s3200-k-iv1,yezav,yezek,yezav,yezek,yezib,yezod,yezug,yezal,yezit,yezup,7,Singular,chairs,One chair.jpg,Two chairs.jpg
Training & Test,3,https://lh3.googleusercontent.com/u/0/d/1-um4xxtvq-pNC793_vctm28O07w0fpy1=s3200-k-iv1,https://lh3.googleusercontent.com/u/0/d/1mHqr72UDbtbjj--W-0_0j9czziuNFLgX=s3200-k-iv1,yezav,yezod,yezav,yezek,yezib,yezod,yezug,yezal,yezit,yezup,7,Singular,chairs,One chair.jpg,Two chairs.jpg
Training & Test,4,https://lh3.googleusercontent.com/u/0/d/1-um4xxtvq-pNC793_vctm28O07w0fpy1=s3200-k-iv1,https://lh3.googleusercontent.com/u/0/d/1mHqr72UDbtbjj--W-0_0j9czziuNFLgX=s3200-k-iv1,yezav,yezek,yezav,yezek,yezib,yezod,yezug,yezal,yezit,yezup,7,Singular,chairs,One chair.jpg,Two chairs.jpg
Training & Test,5,https://lh3.googleusercontent.com/u/0/d/1-um4xxtvq-pNC793_vctm28O07w0fpy1=s3200-k-iv1,https://lh3.googleusercontent.com/u/0/d/1mHqr72UDbtbjj--W-0_0j9czziuNFLgX=s3200-k-iv1,yezav,yezek,yezav,yezek,yezib,yezod,yezug,yezal,yezit,yezup,7,Singular,chairs,One chair.jpg,Two chairs.jpg
Training & Test,6,https://lh3.googleusercontent.com/u/0/d/1-um4xxtvq-pNC793_vctm28O07w0fpy1=s3200-k-iv1,https://lh3.googleusercontent.com/u/0/d/1mHqr72UDbtbjj--W-0_0j9czziuNFLgX=s3200-k-iv1,yezit,yezup,yezav,yezek,yezib,yezod,yezug,yezal,yezit,yezup,7,Singular,chairs,One chair.jpg,Two chairs.jpg
Training & Test,1,https://lh3.googleusercontent.com/u/0/d/1mkva0s5Z81FrpngCVw34a_gHqfmLmsQc=s3200-k-iv1,https://lh3.googleusercontent.com/u/0/d/1qVXZUNIJ2IjYOqU1CBXu4jeUlzEl6AYj=s3200-k-iv1,tigib,tigod,tigav,tigek,tigib,tigod,tigug,tigal,tigit,tigup,8,Singular,clocks,One clock.jpg,Two clocks.jpg
Training & Test,2,https://lh3.googleusercontent.com/u/0/d/1mkva0s5Z81FrpngCVw34a_gHqfmLmsQc=s3200-k-iv1,https://lh3.googleusercontent.com/u/0/d/1qVXZUNIJ2IjYOqU1CBXu4jeUlzEl6AYj=s3200-k-iv1,tigav,tigod,tigav,tigek,tigib,tigod,tigug,tigal,tigit,tigup,8,Singular,clocks,One clock.jpg,Two clocks.jpg
Training & Test,3,https://lh3.googleusercontent.com/u/0/d/1mkva0s5Z81FrpngCVw34a_gHqfmLmsQc=s3200-k-iv1,https://lh3.googleusercontent.com/u/0/d/1qVXZUNIJ2IjYOqU1CBXu4jeUlzEl6AYj=s3200-k-iv1,tigib,tigod,tigav,tigek,tigib,tigod,tigug,tigal,tigit,tigup,8,Singular,clocks,One clock.jpg,Two clocks.jpg
Training & Test,4,https://lh3.googleusercontent.com/u/0/d/1mkva0s5Z81FrpngCVw34a_gHqfmLmsQc=s3200-k-iv1,https://lh3.googleusercontent.com/u/0/d/1qVXZUNIJ2IjYOqU1CBXu4jeUlzEl6AYj=s3200-k-iv1,tigug,tigal,tigav,tigek,tigib,tigod,tigug,tigal,tigit,tigup,8,Singular,clocks,One clock.jpg,Two clocks.jpg
Training & Test,5,https://lh3.googleusercontent.com/u/0/d/1mkva0s5Z81FrpngCVw34a_gHqfmLmsQc=s3200-k-iv1,https://lh3.googleusercontent.com/u/0/d/1qVXZUNIJ2IjYOqU1CBXu4jeUlzEl6AYj=s3200-k-iv1,tigav,tigek,tigav,tigek,tigib,tigod,tigug,tigal,tigit,tigup,8,Singular,clocks,One clock.jpg,Two clocks.jpg
Training & Test,6,https://lh3.googleusercontent.com/u/0/d/1mkva0s5Z81FrpngCVw34a_gHqfmLmsQc=s3200-k-iv1,https://lh3.googleusercontent.com/u/0/d/1qVXZUNIJ2IjYOqU1CBXu4jeUlzEl6AYj=s3200-k-iv1,tigav,tigek,tigav,tigek,tigib,tigod,tigug,tigal,tigit,tigup,8,Singular,clocks,One clock.jpg,Two clocks.jpg
Training & Test,1,https://lh3.googleusercontent.com/u/0/d/1XrBQmhPsvirm0f8xzCMPynm-3ueOcxJi=s3200-k-iv1,https://lh3.googleusercontent.com/u/0/d/1c-QuUwGebqYycv8QdcXZe1xdffDPxymx=s3200-k-iv1,ronib,ronod,ronav,ronek,ronib,ronod,ronug,ronal,ronit,ronup,9,Singular,computers,One computer.jpg,Two computers.jpg
Training & Test,2,https://lh3.googleusercontent.com/u/0/d/1XrBQmhPsvirm0f8xzCMPynm-3ueOcxJi=s3200-k-iv1,https://lh3.googleusercontent.com/u/0/d/1c-QuUwGebqYycv8QdcXZe1xdffDPxymx=s3200-k-iv1,ronav,ronek,ronav,ronek,ronib,ronod,ronug,ronal,ronit,ronup,9,Singular,computers,One computer.jpg,Two computers.jpg
Training & Test,3,https://lh3.googleusercontent.com/u/0/d/1XrBQmhPsvirm0f8xzCMPynm-3ueOcxJi=s3200-k-iv1,https://lh3.googleusercontent.com/u/0/d/1c-QuUwGebqYycv8QdcXZe1xdffDPxymx=s3200-k-iv1,ronib,ronek,ronav,ronek,ronib,ronod,ronug,ronal,ronit,ronup,9,Singular,computers,One computer.jpg,Two computers.jpg
Training & Test,4,https://lh3.googleusercontent.com/u/0/d/1XrBQmhPsvirm0f8xzCMPynm-3ueOcxJi=s3200-k-iv1,https://lh3.googleusercontent.com/u/0/d/1c-QuUwGebqYycv8QdcXZe1xdffDPxymx=s3200-k-iv1,ronug,ronal,ronav,ronek,ronib,ronod,ronug,ronal,ronit,ronup,9,Singular,computers,One computer.jpg,Two computers.jpg
Training & Test,5,https://lh3.googleusercontent.com/u/0/d/1XrBQmhPsvirm0f8xzCMPynm-3ueOcxJi=s3200-k-iv1,https://lh3.googleusercontent.com/u/0/d/1c-QuUwGebqYycv8QdcXZe1xdffDPxymx=s3200-k-iv1,ronav,ronod,ronav,ronek,ronib,ronod,ronug,ronal,ronit,ronup,9,Singular,computers,One computer.jpg,Two computers.jpg
Training & Test,6,https://lh3.googleusercontent.com/u/0/d/1XrBQmhPsvirm0f8xzCMPynm-3ueOcxJi=s3200-k-iv1,https://lh3.googleusercontent.com/u/0/d/1c-QuUwGebqYycv8QdcXZe1xdffDPxymx=s3200-k-iv1,ronib,ronod,ronav,ronek,ronib,ronod,ronug,ronal,ronit,ronup,9,Singular,computers,One computer.jpg,Two computers.jpg
Training & Test,1,https://lh3.googleusercontent.com/u/0/d/1bPmXFw2B8xm-BRGwmj0Tbsb4NUQ6t-eq=s3200-k-iv1,https://lh3.googleusercontent.com/u/0/d/12QV7u5fFtLi0sup8YRUa7PLA_zpFmlfy=s3200-k-iv1,zupav,zupek,zupav,zupek,zupib,zupod,zupug,zupal,zupit,zupup,10,Singular,plates,One plate.jpg,Two plates.jpg
Training & Test,2,https://lh3.googleusercontent.com/u/0/d/1bPmXFw2B8xm-BRGwmj0Tbsb4NUQ6t-eq=s3200-k-iv1,https://lh3.googleusercontent.com/u/0/d/12QV7u5fFtLi0sup8YRUa7PLA_zpFmlfy=s3200-k-iv1,zupav,zupod,zupav,zupek,zupib,zupod,zupug,zupal,zupit,zupup,10,Singular,plates,One plate.jpg,Two plates.jpg
Training & Test,3,https://lh3.googleusercontent.com/u/0/d/1bPmXFw2B8xm-BRGwmj0Tbsb4NUQ6t-eq=s3200-k-iv1,https://lh3.googleusercontent.com/u/0/d/12QV7u5fFtLi0sup8YRUa7PLA_zpFmlfy=s3200-k-iv1,zupav,zupek,zupav,zupek,zupib,zupod,zupug,zupal,zupit,zupup,10,Singular,plates,One plate.jpg,Two plates.jpg
Training & Test,4,https://lh3.googleusercontent.com/u/0/d/1bPmXFw2B8xm-BRGwmj0Tbsb4NUQ6t-eq=s3200-k-iv1,https://lh3.googleusercontent.com/u/0/d/12QV7u5fFtLi0sup8YRUa7PLA_zpFmlfy=s3200-k-iv1,zupib,zupod,zupav,zupek,zupib,zupod,zupug,zupal,zupit,zupup,10,Singular,plates,One plate.jpg,Two plates.jpg
Training & Test,5,https://lh3.googleusercontent.com/u/0/d/1bPmXFw2B8xm-BRGwmj0Tbsb4NUQ6t-eq=s3200-k-iv1,https://lh3.googleusercontent.com/u/0/d/12QV7u5fFtLi0sup8YRUa7PLA_zpFmlfy=s3200-k-iv1,zupug,zupal,zupav,zupek,zupib,zupod,zupug,zupal,zupit,zupup,10,Singular,plates,One plate.jpg,Two plates.jpg
Training & Test,6,https://lh3.googleusercontent.com/u/0/d/1bPmXFw2B8xm-BRGwmj0Tbsb4NUQ6t-eq=s3200-k-iv1,https://lh3.googleusercontent.com/u/0/d/12QV7u5fFtLi0sup8YRUa7PLA_zpFmlfy=s3200-k-iv1,zupug,zupal,zupav,zupek,zupib,zupod,zupug,zupal,zupit,zupup,10,Singular,plates,One plate.jpg,Two plates.jpg
Training & Test,1,https://lh3.googleusercontent.com/u/0/d/1TptIA_ws9gdLRoyMNlXf0Q_KucmYln_O=s3200-k-iv1,https://lh3.googleusercontent.com/u/0/d/1BP40oMXMlSoKqxLN9t72IZsp-lE2VASz=s3200-k-iv1,jagav,jagek,jagav,jagek,jagib,jagod,jagug,jagal,jagit,jagup,11,Singular,frogs,One frog.jpg,Two frogs.jpg
Training & Test,2,https://lh3.googleusercontent.com/u/0/d/1TptIA_ws9gdLRoyMNlXf0Q_KucmYln_O=s3200-k-iv1,https://lh3.googleusercontent.com/u/0/d/1BP40oMXMlSoKqxLN9t72IZsp-lE2VASz=s3200-k-iv1,jagib,jagod,jagav,jagek,jagib,jagod,jagug,jagal,jagit,jagup,11,Singular,frogs,One frog.jpg,Two frogs.jpg
Training & Test,3,https://lh3.googleusercontent.com/u/0/d/1TptIA_ws9gdLRoyMNlXf0Q_KucmYln_O=s3200-k-iv1,https://lh3.googleusercontent.com/u/0/d/1BP40oMXMlSoKqxLN9t72IZsp-lE2VASz=s3200-k-iv1,jagav,jagod,jagav,jagek,jagib,jagod,jagug,jagal,jagit,jagup,11,Singular,frogs,One frog.jpg,Two frogs.jpg
Training & Test,4,https://lh3.googleusercontent.com/u/0/d/1TptIA_ws9gdLRoyMNlXf0Q_KucmYln_O=s3200-k-iv1,https://lh3.googleusercontent.com/u/0/d/1BP40oMXMlSoKqxLN9t72IZsp-lE2VASz=s3200-k-iv1,jagib,jagod,jagav,jagek,jagib,jagod,jagug,jagal,jagit,jagup,11,Singular,frogs,One frog.jpg,Two frogs.jpg
Training & Test,5,https://lh3.googleusercontent.com/u/0/d/1TptIA_ws9gdLRoyMNlXf0Q_KucmYln_O=s3200-k-iv1,https://lh3.googleusercontent.com/u/0/d/1BP40oMXMlSoKqxLN9t72IZsp-lE2VASz=s3200-k-iv1,jagib,jagod,jagav,jagek,jagib,jagod,jagug,jagal,jagit,jagup,11,Singular,frogs,One frog.jpg,Two frogs.jpg
Training & Test,6,https://lh3.googleusercontent.com/u/0/d/1TptIA_ws9gdLRoyMNlXf0Q_KucmYln_O=s3200-k-iv1,https://lh3.googleusercontent.com/u/0/d/1BP40oMXMlSoKqxLN9t72IZsp-lE2VASz=s3200-k-iv1,jagav,jagek,jagav,jagek,jagib,jagod,jagug,jagal,jagit,jagup,11,Singular,frogs,One frog.jpg,Two frogs.jpg
Training & Test,1,https://lh3.googleusercontent.com/u/0/d/1Umy4nZJ3IxMjpboV626cSMY8p63dV1lF=s3200-k-iv1,https://lh3.googleusercontent.com/u/0/d/1Zal-keo_6JKYfJeDildHOSdfOVr_MLhL=s3200-k-iv1,febav,febek,febav,febek,febib,febod,febug,febal,febit,febup,12,Singular,hats,One hat.jpg,Two hats.jpg
Training & Test,2,https://lh3.googleusercontent.com/u/0/d/1Umy4nZJ3IxMjpboV626cSMY8p63dV1lF=s3200-k-iv1,https://lh3.googleusercontent.com/u/0/d/1Zal-keo_6JKYfJeDildHOSdfOVr_MLhL=s3200-k-iv1,febav,febod,febav,febek,febib,febod,febug,febal,febit,febup,12,Singular,hats,One hat.jpg,Two hats.jpg
Training & Test,3,https://lh3.googleusercontent.com/u/0/d/1Umy4nZJ3IxMjpboV626cSMY8p63dV1lF=s3200-k-iv1,https://lh3.googleusercontent.com/u/0/d/1Zal-keo_6JKYfJeDildHOSdfOVr_MLhL=s3200-k-iv1,febib,febod,febav,febek,febib,febod,febug,febal,febit,febup,12,Singular,hats,One hat.jpg,Two hats.jpg
Training & Test,4,https://lh3.googleusercontent.com/u/0/d/1Umy4nZJ3IxMjpboV626cSMY8p63dV1lF=s3200-k-iv1,https://lh3.googleusercontent.com/u/0/d/1Zal-keo_6JKYfJeDildHOSdfOVr_MLhL=s3200-k-iv1,febib,febod,febav,febek,febib,febod,febug,febal,febit,febup,12,Singular,hats,One hat.jpg,Two hats.jpg
Training & Test,5,https://lh3.googleusercontent.com/u/0/d/1Umy4nZJ3IxMjpboV626cSMY8p63dV1lF=s3200-k-iv1,https://lh3.googleusercontent.com/u/0/d/1Zal-keo_6JKYfJeDildHOSdfOVr_MLhL=s3200-k-iv1,febib,febod,febav,febek,febib,febod,febug,febal,febit,febup,12,Singular,hats,One hat.jpg,Two hats.jpg
Training & Test,6,https://lh3.googleusercontent.com/u/0/d/1Umy4nZJ3IxMjpboV626cSMY8p63dV1lF=s3200-k-iv1,https://lh3.googleusercontent.com/u/0/d/1Zal-keo_6JKYfJeDildHOSdfOVr_MLhL=s3200-k-iv1,febit,febup,febav,febek,febib,febod,febug,febal,febit,febup,12,Singular,hats,One hat.jpg,Two hats.jpg
Test only,1,https://lh3.googleusercontent.com/u/0/d/1enTlW5yW9ii0BZP_D4zxZsqwk-Q8Xex0=s3200-k-iv1,https://lh3.googleusercontent.com/u/0/d/1-aEpU-HHuZky881G2gji-6bs7pl0dS7i=s3200-k-iv1,wuxav,wuxek,wuxav,wuxek,wuxib,wuxod,wuxug,wuxal,wuxit,wuxup,13,Singular,lightbulbs,One lightbulb.jpg,Two lightbulbs.jpg
Test only,2,https://lh3.googleusercontent.com/u/0/d/1enTlW5yW9ii0BZP_D4zxZsqwk-Q8Xex0=s3200-k-iv1,https://lh3.googleusercontent.com/u/0/d/1-aEpU-HHuZky881G2gji-6bs7pl0dS7i=s3200-k-iv1,wuxib,wuxod,wuxav,wuxek,wuxib,wuxod,wuxug,wuxal,wuxit,wuxup,13,Singular,lightbulbs,One lightbulb.jpg,Two lightbulbs.jpg
Test only,3,https://lh3.googleusercontent.com/u/0/d/1enTlW5yW9ii0BZP_D4zxZsqwk-Q8Xex0=s3200-k-iv1,https://lh3.googleusercontent.com/u/0/d/1-aEpU-HHuZky881G2gji-6bs7pl0dS7i=s3200-k-iv1,wuxav,wuxek,wuxav,wuxek,wuxib,wuxod,wuxug,wuxal,wuxit,wuxup,13,Singular,lightbulbs,One lightbulb.jpg,Two lightbulbs.jpg
Test only,4,https://lh3.googleusercontent.com/u/0/d/1enTlW5yW9ii0BZP_D4zxZsqwk-Q8Xex0=s3200-k-iv1,https://lh3.googleusercontent.com/u/0/d/1-aEpU-HHuZky881G2gji-6bs7pl0dS7i=s3200-k-iv1,wuxug,wuxal,wuxav,wuxek,wuxib,wuxod,wuxug,wuxal,wuxit,wuxup,13,Singular,lightbulbs,One lightbulb.jpg,Two lightbulbs.jpg
Test only,5,https://lh3.googleusercontent.com/u/0/d/1enTlW5yW9ii0BZP_D4zxZsqwk-Q8Xex0=s3200-k-iv1,https://lh3.googleusercontent.com/u/0/d/1-aEpU-HHuZky881G2gji-6bs7pl0dS7i=s3200-k-iv1,wuxug,wuxal,wuxav,wuxek,wuxib,wuxod,wuxug,wuxal,wuxit,wuxup,13,Singular,lightbulbs,One lightbulb.jpg,Two lightbulbs.jpg
Test only,6,https://lh3.googleusercontent.com/u/0/d/1enTlW5yW9ii0BZP_D4zxZsqwk-Q8Xex0=s3200-k-iv1,https://lh3.googleusercontent.com/u/0/d/1-aEpU-HHuZky881G2gji-6bs7pl0dS7i=s3200-k-iv1,wuxib,wuxod,wuxav,wuxek,wuxib,wuxod,wuxug,wuxal,wuxit,wuxup,13,Singular,lightbulbs,One lightbulb.jpg,Two lightbulbs.jpg
Test only,1,https://lh3.googleusercontent.com/u/0/d/1ttSicjMCwMHC0aARe3j7NNf24T-k8TDD=s3200-k-iv1,https://lh3.googleusercontent.com/u/0/d/1yKn1Pvi7jBRz8u96Glt1PJIiobJr8tBB=s3200-k-iv1,nexav,nexek,nexav,nexek,nexib,nexod,nexug,nexal,nexit,nexup,14,Singular,pads of paper,One pad of paper.jpg,Two pads of paper.jpg
Test only,2,https://lh3.googleusercontent.com/u/0/d/1ttSicjMCwMHC0aARe3j7NNf24T-k8TDD=s3200-k-iv1,https://lh3.googleusercontent.com/u/0/d/1yKn1Pvi7jBRz8u96Glt1PJIiobJr8tBB=s3200-k-iv1,nexav,nexod,nexav,nexek,nexib,nexod,nexug,nexal,nexit,nexup,14,Singular,pads of paper,One pad of paper.jpg,Two pads of paper.jpg
Test only,3,https://lh3.googleusercontent.com/u/0/d/1ttSicjMCwMHC0aARe3j7NNf24T-k8TDD=s3200-k-iv1,https://lh3.googleusercontent.com/u/0/d/1yKn1Pvi7jBRz8u96Glt1PJIiobJr8tBB=s3200-k-iv1,nexib,nexod,nexav,nexek,nexib,nexod,nexug,nexal,nexit,nexup,14,Singular,pads of paper,One pad of paper.jpg,Two pads of paper.jpg
Test only,4,https://lh3.googleusercontent.com/u/0/d/1ttSicjMCwMHC0aARe3j7NNf24T-k8TDD=s3200-k-iv1,https://lh3.googleusercontent.com/u/0/d/1yKn1Pvi7jBRz8u96Glt1PJIiobJr8tBB=s3200-k-iv1,nexug,nexal,nexav,nexek,nexib,nexod,nexug,nexal,nexit,nexup,14,Singular,pads of paper,One pad of paper.jpg,Two pads of paper.jpg
Test only,5,https://lh3.googleusercontent.com/u/0/d/1ttSicjMCwMHC0aARe3j7NNf24T-k8TDD=s3200-k-iv1,https://lh3.googleusercontent.com/u/0/d/1yKn1Pvi7jBRz8u96Glt1PJIiobJr8tBB=s3200-k-iv1,nexib,nexod,nexav,nexek,nexib,nexod,nexug,nexal,nexit,nexup,14,Singular,pads of paper,One pad of paper.jpg,Two pads of paper.jpg
Test only,6,https://lh3.googleusercontent.com/u/0/d/1ttSicjMCwMHC0aARe3j7NNf24T-k8TDD=s3200-k-iv1,https://lh3.googleusercontent.com/u/0/d/1yKn1Pvi7jBRz8u96Glt1PJIiobJr8tBB=s3200-k-iv1,nexav,nexod,nexav,nexek,nexib,nexod,nexug,nexal,nexit,nexup,14,Singular,pads of paper,One pad of paper.jpg,Two pads of paper.jpg
Test only,1,https://lh3.googleusercontent.com/u/0/d/1vPJcTH3wUf3SrREanrQi5LJR7ZMW15cz=s3200-k-iv1,https://lh3.googleusercontent.com/u/0/d/1xHvbEqT2khsxYRlz6oRSIenstE93qPuT=s3200-k-iv1,tefav,tefek,tefav,tefek,tefib,tefod,tefug,tefal,tefit,tefup,15,Singular,pairs of scissors,One pair of scissors.jpg,Two pairs of scissors.jpg
Test only,2,https://lh3.googleusercontent.com/u/0/d/1vPJcTH3wUf3SrREanrQi5LJR7ZMW15cz=s3200-k-iv1,https://lh3.googleusercontent.com/u/0/d/1xHvbEqT2khsxYRlz6oRSIenstE93qPuT=s3200-k-iv1,tefav,tefod,tefav,tefek,tefib,tefod,tefug,tefal,tefit,tefup,15,Singular,pairs of scissors,One pair of scissors.jpg,Two pairs of scissors.jpg
Test only,3,https://lh3.googleusercontent.com/u/0/d/1vPJcTH3wUf3SrREanrQi5LJR7ZMW15cz=s3200-k-iv1,https://lh3.googleusercontent.com/u/0/d/1xHvbEqT2khsxYRlz6oRSIenstE93qPuT=s3200-k-iv1,tefib,tefod,tefav,tefek,tefib,tefod,tefug,tefal,tefit,tefup,15,Singular,pairs of scissors,One pair of scissors.jpg,Two pairs of scissors.jpg
Test only,4,https://lh3.googleusercontent.com/u/0/d/1vPJcTH3wUf3SrREanrQi5LJR7ZMW15cz=s3200-k-iv1,https://lh3.googleusercontent.com/u/0/d/1xHvbEqT2khsxYRlz6oRSIenstE93qPuT=s3200-k-iv1,tefug,tefal,tefav,tefek,tefib,tefod,tefug,tefal,tefit,tefup,15,Singular,pairs of scissors,One pair of scissors.jpg,Two pairs of scissors.jpg
Test only,5,https://lh3.googleusercontent.com/u/0/d/1vPJcTH3wUf3SrREanrQi5LJR7ZMW15cz=s3200-k-iv1,https://lh3.googleusercontent.com/u/0/d/1xHvbEqT2khsxYRlz6oRSIenstE93qPuT=s3200-k-iv1,tefav,tefod,tefav,tefek,tefib,tefod,tefug,tefal,tefit,tefup,15,Singular,pairs of scissors,One pair of scissors.jpg,Two pairs of scissors.jpg
Test only,6,https://lh3.googleusercontent.com/u/0/d/1vPJcTH3wUf3SrREanrQi5LJR7ZMW15cz=s3200-k-iv1,https://lh3.googleusercontent.com/u/0/d/1xHvbEqT2khsxYRlz6oRSIenstE93qPuT=s3200-k-iv1,tefug,tefal,tefav,tefek,tefib,tefod,tefug,tefal,tefit,tefup,15,Singular,pairs of scissors,One pair of scissors.jpg,Two pairs of scissors.jpg
Test only,1,https://lh3.googleusercontent.com/u/0/d/1yI2N8ZoDoM0byLWoJaVowbQnMJqIQ0SM=s3200-k-iv1,https://lh3.googleusercontent.com/u/0/d/1b68IubegN9PG4UnM9o44_w0ocfJYAi7Y=s3200-k-iv1,dofib,dofod,dofav,dofek,dofib,dofod,dofug,dofal,dofit,dofup,16,Singular,pairs of sunglasses,One pair of sunglasses.jpg,Two pairs of sunglasses.jpg
Test only,2,https://lh3.googleusercontent.com/u/0/d/1yI2N8ZoDoM0byLWoJaVowbQnMJqIQ0SM=s3200-k-iv1,https://lh3.googleusercontent.com/u/0/d/1b68IubegN9PG4UnM9o44_w0ocfJYAi7Y=s3200-k-iv1,dofib,dofod,dofav,dofek,dofib,dofod,dofug,dofal,dofit,dofup,16,Singular,pairs of sunglasses,One pair of sunglasses.jpg,Two pairs of sunglasses.jpg
Test only,3,https://lh3.googleusercontent.com/u/0/d/1yI2N8ZoDoM0byLWoJaVowbQnMJqIQ0SM=s3200-k-iv1,https://lh3.googleusercontent.com/u/0/d/1b68IubegN9PG4UnM9o44_w0ocfJYAi7Y=s3200-k-iv1,dofav,dofod,dofav,dofek,dofib,dofod,dofug,dofal,dofit,dofup,16,Singular,pairs of sunglasses,One pair of sunglasses.jpg,Two pairs of sunglasses.jpg
Test only,4,https://lh3.googleusercontent.com/u/0/d/1yI2N8ZoDoM0byLWoJaVowbQnMJqIQ0SM=s3200-k-iv1,https://lh3.googleusercontent.com/u/0/d/1b68IubegN9PG4UnM9o44_w0ocfJYAi7Y=s3200-k-iv1,dofib,dofod,dofav,dofek,dofib,dofod,dofug,dofal,dofit,dofup,16,Singular,pairs of sunglasses,One pair of sunglasses.jpg,Two pairs of sunglasses.jpg
Test only,5,https://lh3.googleusercontent.com/u/0/d/1yI2N8ZoDoM0byLWoJaVowbQnMJqIQ0SM=s3200-k-iv1,https://lh3.googleusercontent.com/u/0/d/1b68IubegN9PG4UnM9o44_w0ocfJYAi7Y=s3200-k-iv1,dofib,dofod,dofav,dofek,dofib,dofod,dofug,dofal,dofit,dofup,16,Singular,pairs of sunglasses,One pair of sunglasses.jpg,Two pairs of sunglasses.jpg
Test only,6,https://lh3.googleusercontent.com/u/0/d/1yI2N8ZoDoM0byLWoJaVowbQnMJqIQ0SM=s3200-k-iv1,https://lh3.googleusercontent.com/u/0/d/1b68IubegN9PG4UnM9o44_w0ocfJYAi7Y=s3200-k-iv1,dofav,dofek,dofav,dofek,dofib,dofod,dofug,dofal,dofit,dofup,16,Singular,pairs of sunglasses,One pair of sunglasses.jpg,Two pairs of sunglasses.jpg
Test only,1,https://lh3.googleusercontent.com/u/0/d/19kDZwYIavGrBkzZKUz3k4ZYjLLMnZze7=s3200-k-iv1,https://lh3.googleusercontent.com/u/0/d/1sCAlEmvK3NKcOj4xhMYTU9mzqc3hOwF7=s3200-k-iv1,hisav,hisek,hisav,hisek,hisib,hisod,hisug,hisal,hisit,hisup,17,Singular,pens,One pen.jpg,Two pens.jpg
Test only,2,https://lh3.googleusercontent.com/u/0/d/19kDZwYIavGrBkzZKUz3k4ZYjLLMnZze7=s3200-k-iv1,https://lh3.googleusercontent.com/u/0/d/1sCAlEmvK3NKcOj4xhMYTU9mzqc3hOwF7=s3200-k-iv1,hisav,hisod,hisav,hisek,hisib,hisod,hisug,hisal,hisit,hisup,17,Singular,pens,One pen.jpg,Two pens.jpg
Test only,3,https://lh3.googleusercontent.com/u/0/d/19kDZwYIavGrBkzZKUz3k4ZYjLLMnZze7=s3200-k-iv1,https://lh3.googleusercontent.com/u/0/d/1sCAlEmvK3NKcOj4xhMYTU9mzqc3hOwF7=s3200-k-iv1,hisib,hisod,hisav,hisek,hisib,hisod,hisug,hisal,hisit,hisup,17,Singular,pens,One pen.jpg,Two pens.jpg
Test only,4,https://lh3.googleusercontent.com/u/0/d/19kDZwYIavGrBkzZKUz3k4ZYjLLMnZze7=s3200-k-iv1,https://lh3.googleusercontent.com/u/0/d/1sCAlEmvK3NKcOj4xhMYTU9mzqc3hOwF7=s3200-k-iv1,hisib,hisod,hisav,hisek,hisib,hisod,hisug,hisal,hisit,hisup,17,Singular,pens,One pen.jpg,Two pens.jpg
Test only,5,https://lh3.googleusercontent.com/u/0/d/19kDZwYIavGrBkzZKUz3k4ZYjLLMnZze7=s3200-k-iv1,https://lh3.googleusercontent.com/u/0/d/1sCAlEmvK3NKcOj4xhMYTU9mzqc3hOwF7=s3200-k-iv1,hisav,hisek,hisav,hisek,hisib,hisod,hisug,hisal,hisit,hisup,17,Singular,pens,One pen.jpg,Two pens.jpg
Test only,6,https://lh3.googleusercontent.com/u/0/d/19kDZwYIavGrBkzZKUz3k4ZYjLLMnZze7=s3200-k-iv1,https://lh3.googleusercontent.com/u/0/d/1sCAlEmvK3NKcOj4xhMYTU9mzqc3hOwF7=s3200-k-iv1,hisug,hisal,hisav,hisek,hisib,hisod,hisug,hisal,hisit,hisup,17,Singular,pens,One pen.jpg,Two pens.jpg
Test only,1,https://lh3.googleusercontent.com/u/0/d/1-y_3eZx68yXJI36PcdJhtKKmfZtM2cz3=s3200-k-iv1,https://lh3.googleusercontent.com/u/0/d/1Ie0D7s8MJpR-GppISEns0xSFbdJQNMPx=s3200-k-iv1,vekib,vekod,vekav,vekek,vekib,vekod,vekug,vekal,vekit,vekup,18,Singular,pencils,One pencil.jpg,Two pencils.jpg
Test only,2,https://lh3.googleusercontent.com/u/0/d/1-y_3eZx68yXJI36PcdJhtKKmfZtM2cz3=s3200-k-iv1,https://lh3.googleusercontent.com/u/0/d/1Ie0D7s8MJpR-GppISEns0xSFbdJQNMPx=s3200-k-iv1,vekav,vekek,vekav,vekek,vekib,vekod,vekug,vekal,vekit,vekup,18,Singular,pencils,One pencil.jpg,Two pencils.jpg
Test only,3,https://lh3.googleusercontent.com/u/0/d/1-y_3eZx68yXJI36PcdJhtKKmfZtM2cz3=s3200-k-iv1,https://lh3.googleusercontent.com/u/0/d/1Ie0D7s8MJpR-GppISEns0xSFbdJQNMPx=s3200-k-iv1,vekav,vekek,vekav,vekek,vekib,vekod,vekug,vekal,vekit,vekup,18,Singular,pencils,One pencil.jpg,Two pencils.jpg
Test only,4,https://lh3.googleusercontent.com/u/0/d/1-y_3eZx68yXJI36PcdJhtKKmfZtM2cz3=s3200-k-iv1,https://lh3.googleusercontent.com/u/0/d/1Ie0D7s8MJpR-GppISEns0xSFbdJQNMPx=s3200-k-iv1,vekav,vekek,vekav,vekek,vekib,vekod,vekug,vekal,vekit,vekup,18,Singular,pencils,One pencil.jpg,Two pencils.jpg
Test only,5,https://lh3.googleusercontent.com/u/0/d/1-y_3eZx68yXJI36PcdJhtKKmfZtM2cz3=s3200-k-iv1,https://lh3.googleusercontent.com/u/0/d/1Ie0D7s8MJpR-GppISEns0xSFbdJQNMPx=s3200-k-iv1,vekav,vekek,vekav,vekek,vekib,vekod,vekug,vekal,vekit,vekup,18,Singular,pencils,One pencil.jpg,Two pencils.jpg
Test only,6,https://lh3.googleusercontent.com/u/0/d/1-y_3eZx68yXJI36PcdJhtKKmfZtM2cz3=s3200-k-iv1,https://lh3.googleusercontent.com/u/0/d/1Ie0D7s8MJpR-GppISEns0xSFbdJQNMPx=s3200-k-iv1,vekav,vekod,vekav,vekek,vekib,vekod,vekug,vekal,vekit,vekup,18,Singular,pencils,One pencil.jpg,Two pencils.jpg
Test only,1,https://lh3.googleusercontent.com/u/0/d/18ojFYisJBMsLHrs2Y0Ms0clXoD3ee71L=s3200-k-iv1,https://lh3.googleusercontent.com/u/0/d/1d8DNpgw2eAYgytxlqKOXcbelSEoFvq3b=s3200-k-iv1,hubib,hubod,hubav,hubek,hubib,hubod,hubug,hubal,hubit,hubup,19,Singular,phones,One phone.jpg,Two phones.jpg
Test only,2,https://lh3.googleusercontent.com/u/0/d/18ojFYisJBMsLHrs2Y0Ms0clXoD3ee71L=s3200-k-iv1,https://lh3.googleusercontent.com/u/0/d/1d8DNpgw2eAYgytxlqKOXcbelSEoFvq3b=s3200-k-iv1,hubav,hubek,hubav,hubek,hubib,hubod,hubug,hubal,hubit,hubup,19,Singular,phones,One phone.jpg,Two phones.jpg
Test only,3,https://lh3.googleusercontent.com/u/0/d/18ojFYisJBMsLHrs2Y0Ms0clXoD3ee71L=s3200-k-iv1,https://lh3.googleusercontent.com/u/0/d/1d8DNpgw2eAYgytxlqKOXcbelSEoFvq3b=s3200-k-iv1,hubav,hubek,hubav,hubek,hubib,hubod,hubug,hubal,hubit,hubup,19,Singular,phones,One phone.jpg,Two phones.jpg
Test only,4,https://lh3.googleusercontent.com/u/0/d/18ojFYisJBMsLHrs2Y0Ms0clXoD3ee71L=s3200-k-iv1,https://lh3.googleusercontent.com/u/0/d/1d8DNpgw2eAYgytxlqKOXcbelSEoFvq3b=s3200-k-iv1,hubib,hubod,hubav,hubek,hubib,hubod,hubug,hubal,hubit,hubup,19,Singular,phones,One phone.jpg,Two phones.jpg
Test only,5,https://lh3.googleusercontent.com/u/0/d/18ojFYisJBMsLHrs2Y0Ms0clXoD3ee71L=s3200-k-iv1,https://lh3.googleusercontent.com/u/0/d/1d8DNpgw2eAYgytxlqKOXcbelSEoFvq3b=s3200-k-iv1,hubib,hubod,hubav,hubek,hubib,hubod,hubug,hubal,hubit,hubup,19,Singular,phones,One phone.jpg,Two phones.jpg
Test only,6,https://lh3.googleusercontent.com/u/0/d/18ojFYisJBMsLHrs2Y0Ms0clXoD3ee71L=s3200-k-iv1,https://lh3.googleusercontent.com/u/0/d/1d8DNpgw2eAYgytxlqKOXcbelSEoFvq3b=s3200-k-iv1,hubav,hubek,hubav,hubek,hubib,hubod,hubug,hubal,hubit,hubup,19,Singular,phones,One phone.jpg,Two phones.jpg
Test only,1,https://lh3.googleusercontent.com/u/0/d/1JAmC6tUnkcqt7k05dXpLLjY9_EXAXsRt=s3200-k-iv1,https://lh3.googleusercontent.com/u/0/d/1AX2QyeT6XOAmLiLl_yg7rh5zUlkc-U6z=s3200-k-iv1,watav,watek,watav,watek,watib,watod,watug,watal,watit,watup,20,Singular,pineapples,One pineapple.jpg,Two pineapples.jpg
Test only,2,https://lh3.googleusercontent.com/u/0/d/1JAmC6tUnkcqt7k05dXpLLjY9_EXAXsRt=s3200-k-iv1,https://lh3.googleusercontent.com/u/0/d/1AX2QyeT6XOAmLiLl_yg7rh5zUlkc-U6z=s3200-k-iv1,watav,watod,watav,watek,watib,watod,watug,watal,watit,watup,20,Singular,pineapples,One pineapple.jpg,Two pineapples.jpg
Test only,3,https://lh3.googleusercontent.com/u/0/d/1JAmC6tUnkcqt7k05dXpLLjY9_EXAXsRt=s3200-k-iv1,https://lh3.googleusercontent.com/u/0/d/1AX2QyeT6XOAmLiLl_yg7rh5zUlkc-U6z=s3200-k-iv1,watav,watod,watav,watek,watib,watod,watug,watal,watit,watup,20,Singular,pineapples,One pineapple.jpg,Two pineapples.jpg
Test only,4,https://lh3.googleusercontent.com/u/0/d/1JAmC6tUnkcqt7k05dXpLLjY9_EXAXsRt=s3200-k-iv1,https://lh3.googleusercontent.com/u/0/d/1AX2QyeT6XOAmLiLl_yg7rh5zUlkc-U6z=s3200-k-iv1,watav,watek,watav,watek,watib,watod,watug,watal,watit,watup,20,Singular,pineapples,One pineapple.jpg,Two pineapples.jpg
Test only,5,https://lh3.googleusercontent.com/u/0/d/1JAmC6tUnkcqt7k05dXpLLjY9_EXAXsRt=s3200-k-iv1,https://lh3.googleusercontent.com/u/0/d/1AX2QyeT6XOAmLiLl_yg7rh5zUlkc-U6z=s3200-k-iv1,watav,watod,watav,watek,watib,watod,watug,watal,watit,watup,20,Singular,pineapples,One pineapple.jpg,Two pineapples.jpg
Test only,6,https://lh3.googleusercontent.com/u/0/d/1JAmC6tUnkcqt7k05dXpLLjY9_EXAXsRt=s3200-k-iv1,https://lh3.googleusercontent.com/u/0/d/1AX2QyeT6XOAmLiLl_yg7rh5zUlkc-U6z=s3200-k-iv1,watav,watod,watav,watek,watib,watod,watug,watal,watit,watup,20,Singular,pineapples,One pineapple.jpg,Two pineapples.jpg
Test only,1,https://lh3.googleusercontent.com/u/0/d/12kKhGIQU3P7Ux9LzJAYBmNbr34otKifl=s3200-k-iv1,https://lh3.googleusercontent.com/u/0/d/15fobRSZZ1gVoFB7AHA2e94_llEBTATDX=s3200-k-iv1,labav,labek,labav,labek,labib,labod,labug,labal,labit,labup,21,Singular,plants,One plant.jpg,Two plants.jpg
Test only,2,https://lh3.googleusercontent.com/u/0/d/12kKhGIQU3P7Ux9LzJAYBmNbr34otKifl=s3200-k-iv1,https://lh3.googleusercontent.com/u/0/d/15fobRSZZ1gVoFB7AHA2e94_llEBTATDX=s3200-k-iv1,labib,labod,labav,labek,labib,labod,labug,labal,labit,labup,21,Singular,plants,One plant.jpg,Two plants.jpg
Test only,3,https://lh3.googleusercontent.com/u/0/d/12kKhGIQU3P7Ux9LzJAYBmNbr34otKifl=s3200-k-iv1,https://lh3.googleusercontent.com/u/0/d/15fobRSZZ1gVoFB7AHA2e94_llEBTATDX=s3200-k-iv1,labib,labek,labav,labek,labib,labod,labug,labal,labit,labup,21,Singular,plants,One plant.jpg,Two plants.jpg
Test only,4,https://lh3.googleusercontent.com/u/0/d/12kKhGIQU3P7Ux9LzJAYBmNbr34otKifl=s3200-k-iv1,https://lh3.googleusercontent.com/u/0/d/15fobRSZZ1gVoFB7AHA2e94_llEBTATDX=s3200-k-iv1,labug,labal,labav,labek,labib,labod,labug,labal,labit,labup,21,Singular,plants,One plant.jpg,Two plants.jpg
Test only,5,https://lh3.googleusercontent.com/u/0/d/12kKhGIQU3P7Ux9LzJAYBmNbr34otKifl=s3200-k-iv1,https://lh3.googleusercontent.com/u/0/d/15fobRSZZ1gVoFB7AHA2e94_llEBTATDX=s3200-k-iv1,labav,labek,labav,labek,labib,labod,labug,labal,labit,labup,21,Singular,plants,One plant.jpg,Two plants.jpg
Test only,6,https://lh3.googleusercontent.com/u/0/d/12kKhGIQU3P7Ux9LzJAYBmNbr34otKifl=s3200-k-iv1,https://lh3.googleusercontent.com/u/0/d/15fobRSZZ1gVoFB7AHA2e94_llEBTATDX=s3200-k-iv1,labib,labod,labav,labek,labib,labod,labug,labal,labit,labup,21,Singular,plants,One plant.jpg,Two plants.jpg
Test only,1,https://lh3.googleusercontent.com/u/0/d/1yl95Xc5XgagOYSut-uig9LzQ5XV9bp6J=s3200-k-iv1,https://lh3.googleusercontent.com/u/0/d/1cTyZSWKxcTzcWiSgp47iGsjR2juqiN-I=s3200-k-iv1,mobib,mobod,mobav,mobek,mobib,mobod,mobug,mobal,mobit,mobup,22,Singular,rolls of tape,One roll of tape.jpg,Two rolls of tape.jpg
Test only,2,https://lh3.googleusercontent.com/u/0/d/1yl95Xc5XgagOYSut-uig9LzQ5XV9bp6J=s3200-k-iv1,https://lh3.googleusercontent.com/u/0/d/1cTyZSWKxcTzcWiSgp47iGsjR2juqiN-I=s3200-k-iv1,mobav,mobek,mobav,mobek,mobib,mobod,mobug,mobal,mobit,mobup,22,Singular,rolls of tape,One roll of tape.jpg,Two rolls of tape.jpg
Test only,3,https://lh3.googleusercontent.com/u/0/d/1yl95Xc5XgagOYSut-uig9LzQ5XV9bp6J=s3200-k-iv1,https://lh3.googleusercontent.com/u/0/d/1cTyZSWKxcTzcWiSgp47iGsjR2juqiN-I=s3200-k-iv1,mobav,mobod,mobav,mobek,mobib,mobod,mobug,mobal,mobit,mobup,22,Singular,rolls of tape,One roll of tape.jpg,Two rolls of tape.jpg
Test only,4,https://lh3.googleusercontent.com/u/0/d/1yl95Xc5XgagOYSut-uig9LzQ5XV9bp6J=s3200-k-iv1,https://lh3.googleusercontent.com/u/0/d/1cTyZSWKxcTzcWiSgp47iGsjR2juqiN-I=s3200-k-iv1,mobib,mobod,mobav,mobek,mobib,mobod,mobug,mobal,mobit,mobup,22,Singular,rolls of tape,One roll of tape.jpg,Two rolls of tape.jpg
Test only,5,https://lh3.googleusercontent.com/u/0/d/1yl95Xc5XgagOYSut-uig9LzQ5XV9bp6J=s3200-k-iv1,https://lh3.googleusercontent.com/u/0/d/1cTyZSWKxcTzcWiSgp47iGsjR2juqiN-I=s3200-k-iv1,mobav,mobod,mobav,mobek,mobib,mobod,mobug,mobal,mobit,mobup,22,Singular,rolls of tape,One roll of tape.jpg,Two rolls of tape.jpg
Test only,6,https://lh3.googleusercontent.com/u/0/d/1yl95Xc5XgagOYSut-uig9LzQ5XV9bp6J=s3200-k-iv1,https://lh3.googleusercontent.com/u/0/d/1cTyZSWKxcTzcWiSgp47iGsjR2juqiN-I=s3200-k-iv1,mobav,mobek,mobav,mobek,mobib,mobod,mobug,mobal,mobit,mobup,22,Singular,rolls of tape,One roll of tape.jpg,Two rolls of tape.jpg
Test only,1,https://lh3.googleusercontent.com/u/0/d/1rR_hbQNSgqBY4Dj0Gq9Au9mN_Ey1JuAp=s3200-k-iv1,https://lh3.googleusercontent.com/u/0/d/1G8WwqocRFA_CWsVHPK4qFSSNl0dBYrNv=s3200-k-iv1,takib,takod,takav,takek,takib,takod,takug,takal,takit,takup,23,Singular,staplers,One stapler.jpg,Two staplers.jpg
Test only,2,https://lh3.googleusercontent.com/u/0/d/1rR_hbQNSgqBY4Dj0Gq9Au9mN_Ey1JuAp=s3200-k-iv1,https://lh3.googleusercontent.com/u/0/d/1G8WwqocRFA_CWsVHPK4qFSSNl0dBYrNv=s3200-k-iv1,takav,takek,takav,takek,takib,takod,takug,takal,takit,takup,23,Singular,staplers,One stapler.jpg,Two staplers.jpg
Test only,3,https://lh3.googleusercontent.com/u/0/d/1rR_hbQNSgqBY4Dj0Gq9Au9mN_Ey1JuAp=s3200-k-iv1,https://lh3.googleusercontent.com/u/0/d/1G8WwqocRFA_CWsVHPK4qFSSNl0dBYrNv=s3200-k-iv1,takib,takek,takav,takek,takib,takod,takug,takal,takit,takup,23,Singular,staplers,One stapler.jpg,Two staplers.jpg
Test only,4,https://lh3.googleusercontent.com/u/0/d/1rR_hbQNSgqBY4Dj0Gq9Au9mN_Ey1JuAp=s3200-k-iv1,https://lh3.googleusercontent.com/u/0/d/1G8WwqocRFA_CWsVHPK4qFSSNl0dBYrNv=s3200-k-iv1,takav,takek,takav,takek,takib,takod,takug,takal,takit,takup,23,Singular,staplers,One stapler.jpg,Two staplers.jpg
Test only,5,https://lh3.googleusercontent.com/u/0/d/1rR_hbQNSgqBY4Dj0Gq9Au9mN_Ey1JuAp=s3200-k-iv1,https://lh3.googleusercontent.com/u/0/d/1G8WwqocRFA_CWsVHPK4qFSSNl0dBYrNv=s3200-k-iv1,takug,takal,takav,takek,takib,takod,takug,takal,takit,takup,23,Singular,staplers,One stapler.jpg,Two staplers.jpg
Test only,6,https://lh3.googleusercontent.com/u/0/d/1rR_hbQNSgqBY4Dj0Gq9Au9mN_Ey1JuAp=s3200-k-iv1,https://lh3.googleusercontent.com/u/0/d/1G8WwqocRFA_CWsVHPK4qFSSNl0dBYrNv=s3200-k-iv1,takug,takal,takav,takek,takib,takod,takug,takal,takit,takup,23,Singular,staplers,One stapler.jpg,Two staplers.jpg
Test only,1,https://lh3.googleusercontent.com/u/0/d/19-C3yT4nt1qm23_QDYbRrjj05a8KfzLk=s3200-k-iv1,https://lh3.googleusercontent.com/u/0/d/1uiFXwCbXENaw2as-NSUDVpXYN5dOXxgV=s3200-k-iv1,yizib,yizod,yizav,yizek,yizib,yizod,yizug,yizal,yizit,yizup,24,Singular,teacups,One teacup.jpg,Two teacups.jpg
Test only,2,https://lh3.googleusercontent.com/u/0/d/19-C3yT4nt1qm23_QDYbRrjj05a8KfzLk=s3200-k-iv1,https://lh3.googleusercontent.com/u/0/d/1uiFXwCbXENaw2as-NSUDVpXYN5dOXxgV=s3200-k-iv1,yizib,yizod,yizav,yizek,yizib,yizod,yizug,yizal,yizit,yizup,24,Singular,teacups,One teacup.jpg,Two teacups.jpg
Test only,3,https://lh3.googleusercontent.com/u/0/d/19-C3yT4nt1qm23_QDYbRrjj05a8KfzLk=s3200-k-iv1,https://lh3.googleusercontent.com/u/0/d/1uiFXwCbXENaw2as-NSUDVpXYN5dOXxgV=s3200-k-iv1,yizib,yizek,yizav,yizek,yizib,yizod,yizug,yizal,yizit,yizup,24,Singular,teacups,One teacup.jpg,Two teacups.jpg
Test only,4,https://lh3.googleusercontent.com/u/0/d/19-C3yT4nt1qm23_QDYbRrjj05a8KfzLk=s3200-k-iv1,https://lh3.googleusercontent.com/u/0/d/1uiFXwCbXENaw2as-NSUDVpXYN5dOXxgV=s3200-k-iv1,yizav,yizek,yizav,yizek,yizib,yizod,yizug,yizal,yizit,yizup,24,Singular,teacups,One teacup.jpg,Two teacups.jpg
Test only,5,https://lh3.googleusercontent.com/u/0/d/19-C3yT4nt1qm23_QDYbRrjj05a8KfzLk=s3200-k-iv1,https://lh3.googleusercontent.com/u/0/d/1uiFXwCbXENaw2as-NSUDVpXYN5dOXxgV=s3200-k-iv1,yizug,yizal,yizav,yizek,yizib,yizod,yizug,yizal,yizit,yizup,24,Singular,teacups,One teacup.jpg,Two teacups.jpg
Test only,6,https://lh3.googleusercontent.com/u/0/d/19-C3yT4nt1qm23_QDYbRrjj05a8KfzLk=s3200-k-iv1,https://lh3.googleusercontent.com/u/0/d/1uiFXwCbXENaw2as-NSUDVpXYN5dOXxgV=s3200-k-iv1,yizib,yizod,yizav,yizek,yizib,yizod,yizug,yizal,yizit,yizup,24,Singular,teacups,One teacup.jpg,Two teacups.jpg
Training & Test,1,https://lh3.googleusercontent.com/u/0/d/1-XIh16Zsgrgad-0Qx36UoxLUjh-fL_DT=s3200-k-iv1,https://lh3.googleusercontent.com/u/0/d/1dVOJaOSOyyiZFiRzXLISz7wuSa2Kl_mc=s3200-k-iv1,fosav,fosek,fosav,fosek,fosib,fosod,fosug,fosal,fosit,fosup,25,Plural,bananas,One banana.jpg,Two bananas.jpg
Training & Test,2,https://lh3.googleusercontent.com/u/0/d/1-XIh16Zsgrgad-0Qx36UoxLUjh-fL_DT=s3200-k-iv1,https://lh3.googleusercontent.com/u/0/d/1dVOJaOSOyyiZFiRzXLISz7wuSa2Kl_mc=s3200-k-iv1,fosav,fosek,fosav,fosek,fosib,fosod,fosug,fosal,fosit,fosup,25,Plural,bananas,One banana.jpg,Two bananas.jpg
Training & Test,3,https://lh3.googleusercontent.com/u/0/d/1-XIh16Zsgrgad-0Qx36UoxLUjh-fL_DT=s3200-k-iv1,https://lh3.googleusercontent.com/u/0/d/1dVOJaOSOyyiZFiRzXLISz7wuSa2Kl_mc=s3200-k-iv1,fosav,fosek,fosav,fosek,fosib,fosod,fosug,fosal,fosit,fosup,25,Plural,bananas,One banana.jpg,Two bananas.jpg
Training & Test,4,https://lh3.googleusercontent.com/u/0/d/1-XIh16Zsgrgad-0Qx36UoxLUjh-fL_DT=s3200-k-iv1,https://lh3.googleusercontent.com/u/0/d/1dVOJaOSOyyiZFiRzXLISz7wuSa2Kl_mc=s3200-k-iv1,fosug,fosal,fosav,fosek,fosib,fosod,fosug,fosal,fosit,fosup,25,Plural,bananas,One banana.jpg,Two bananas.jpg
Training & Test,5,https://lh3.googleusercontent.com/u/0/d/1-XIh16Zsgrgad-0Qx36UoxLUjh-fL_DT=s3200-k-iv1,https://lh3.googleusercontent.com/u/0/d/1dVOJaOSOyyiZFiRzXLISz7wuSa2Kl_mc=s3200-k-iv1,fosib,fosod,fosav,fosek,fosib,fosod,fosug,fosal,fosit,fosup,25,Plural,bananas,One banana.jpg,Two bananas.jpg
Training & Test,6,https://lh3.googleusercontent.com/u/0/d/1-XIh16Zsgrgad-0Qx36UoxLUjh-fL_DT=s3200-k-iv1,https://lh3.googleusercontent.com/u/0/d/1dVOJaOSOyyiZFiRzXLISz7wuSa2Kl_mc=s3200-k-iv1,fosib,fosod,fosav,fosek,fosib,fosod,fosug,fosal,fosit,fosup,25,Plural,bananas,One banana.jpg,Two bananas.jpg
Training & Test,1,https://lh3.googleusercontent.com/u/0/d/12-GHvY_6ksWkw3lmW4dfygxtWPgWzOU9=s3200-k-iv1,https://lh3.googleusercontent.com/u/0/d/1h1nR3c4NlrHtN4gNi8Y0iTkn0AKy0yBm=s3200-k-iv1,namib,namod,namav,namek,namib,namod,namug,namal,namit,namup,26,Plural,bears,One bear.jpg,Two bears.jpg
Training & Test,2,https://lh3.googleusercontent.com/u/0/d/12-GHvY_6ksWkw3lmW4dfygxtWPgWzOU9=s3200-k-iv1,https://lh3.googleusercontent.com/u/0/d/1h1nR3c4NlrHtN4gNi8Y0iTkn0AKy0yBm=s3200-k-iv1,namav,namek,namav,namek,namib,namod,namug,namal,namit,namup,26,Plural,bears,One bear.jpg,Two bears.jpg
Training & Test,3,https://lh3.googleusercontent.com/u/0/d/12-GHvY_6ksWkw3lmW4dfygxtWPgWzOU9=s3200-k-iv1,https://lh3.googleusercontent.com/u/0/d/1h1nR3c4NlrHtN4gNi8Y0iTkn0AKy0yBm=s3200-k-iv1,namib,namod,namav,namek,namib,namod,namug,namal,namit,namup,26,Plural,bears,One bear.jpg,Two bears.jpg
Training & Test,4,https://lh3.googleusercontent.com/u/0/d/12-GHvY_6ksWkw3lmW4dfygxtWPgWzOU9=s3200-k-iv1,https://lh3.googleusercontent.com/u/0/d/1h1nR3c4NlrHtN4gNi8Y0iTkn0AKy0yBm=s3200-k-iv1,namav,namek,namav,namek,namib,namod,namug,namal,namit,namup,26,Plural,bears,One bear.jpg,Two bears.jpg
Training & Test,5,https://lh3.googleusercontent.com/u/0/d/12-GHvY_6ksWkw3lmW4dfygxtWPgWzOU9=s3200-k-iv1,https://lh3.googleusercontent.com/u/0/d/1h1nR3c4NlrHtN4gNi8Y0iTkn0AKy0yBm=s3200-k-iv1,namug,namal,namav,namek,namib,namod,namug,namal,namit,namup,26,Plural,bears,One bear.jpg,Two bears.jpg
Training & Test,6,https://lh3.googleusercontent.com/u/0/d/12-GHvY_6ksWkw3lmW4dfygxtWPgWzOU9=s3200-k-iv1,https://lh3.googleusercontent.com/u/0/d/1h1nR3c4NlrHtN4gNi8Y0iTkn0AKy0yBm=s3200-k-iv1,namug,namal,namav,namek,namib,namod,namug,namal,namit,namup,26,Plural,bears,One bear.jpg,Two bears.jpg
Training & Test,1,https://lh3.googleusercontent.com/u/0/d/1p-sgYihEglZCuLRlvxoYkllkDa5NSkPO=s3200-k-iv1,https://lh3.googleusercontent.com/u/0/d/1jaiipOg5MdI6D4etlPxwzd77xwwjaF3l=s3200-k-iv1,herib,herod,herav,herek,herib,herod,herug,heral,herit,herup,27,Plural,calculators,One calculator.jpg,Two calculators.jpg
Training & Test,2,https://lh3.googleusercontent.com/u/0/d/1p-sgYihEglZCuLRlvxoYkllkDa5NSkPO=s3200-k-iv1,https://lh3.googleusercontent.com/u/0/d/1jaiipOg5MdI6D4etlPxwzd77xwwjaF3l=s3200-k-iv1,herib,herod,herav,herek,herib,herod,herug,heral,herit,herup,27,Plural,calculators,One calculator.jpg,Two calculators.jpg
Training & Test,3,https://lh3.googleusercontent.com/u/0/d/1p-sgYihEglZCuLRlvxoYkllkDa5NSkPO=s3200-k-iv1,https://lh3.googleusercontent.com/u/0/d/1jaiipOg5MdI6D4etlPxwzd77xwwjaF3l=s3200-k-iv1,herib,herek,herav,herek,herib,herod,herug,heral,herit,herup,27,Plural,calculators,One calculator.jpg,Two calculators.jpg
Training & Test,4,https://lh3.googleusercontent.com/u/0/d/1p-sgYihEglZCuLRlvxoYkllkDa5NSkPO=s3200-k-iv1,https://lh3.googleusercontent.com/u/0/d/1jaiipOg5MdI6D4etlPxwzd77xwwjaF3l=s3200-k-iv1,herav,herek,herav,herek,herib,herod,herug,heral,herit,herup,27,Plural,calculators,One calculator.jpg,Two calculators.jpg
Training & Test,5,https://lh3.googleusercontent.com/u/0/d/1p-sgYihEglZCuLRlvxoYkllkDa5NSkPO=s3200-k-iv1,https://lh3.googleusercontent.com/u/0/d/1jaiipOg5MdI6D4etlPxwzd77xwwjaF3l=s3200-k-iv1,herav,herod,herav,herek,herib,herod,herug,heral,herit,herup,27,Plural,calculators,One calculator.jpg,Two calculators.jpg
Training & Test,6,https://lh3.googleusercontent.com/u/0/d/1p-sgYihEglZCuLRlvxoYkllkDa5NSkPO=s3200-k-iv1,https://lh3.googleusercontent.com/u/0/d/1jaiipOg5MdI6D4etlPxwzd77xwwjaF3l=s3200-k-iv1,herib,herod,herav,herek,herib,herod,herug,heral,herit,herup,27,Plural,calculators,One calculator.jpg,Two calculators.jpg
Training & Test,1,https://lh3.googleusercontent.com/u/0/d/1lQr4HMhNy-psm9AM_L-3s3mek84O6a6K=s3200-k-iv1,https://lh3.googleusercontent.com/u/0/d/1SlpyDbWZzPXw1cZT-OWxce5JGzyiuHWc=s3200-k-iv1,vipav,vipek,vipav,vipek,vipib,vipod,vipug,vipal,vipit,vipup,28,Plural,avocados,One avocado.jpg,Two avocados.jpg
Training & Test,2,https://lh3.googleusercontent.com/u/0/d/1lQr4HMhNy-psm9AM_L-3s3mek84O6a6K=s3200-k-iv1,https://lh3.googleusercontent.com/u/0/d/1SlpyDbWZzPXw1cZT-OWxce5JGzyiuHWc=s3200-k-iv1,vipib,vipod,vipav,vipek,vipib,vipod,vipug,vipal,vipit,vipup,28,Plural,avocados,One avocado.jpg,Two avocados.jpg
Training & Test,3,https://lh3.googleusercontent.com/u/0/d/1lQr4HMhNy-psm9AM_L-3s3mek84O6a6K=s3200-k-iv1,https://lh3.googleusercontent.com/u/0/d/1SlpyDbWZzPXw1cZT-OWxce5JGzyiuHWc=s3200-k-iv1,vipib,vipek,vipav,vipek,vipib,vipod,vipug,vipal,vipit,vipup,28,Plural,avocados,One avocado.jpg,Two avocados.jpg
Training & Test,4,https://lh3.googleusercontent.com/u/0/d/1lQr4HMhNy-psm9AM_L-3s3mek84O6a6K=s3200-k-iv1,https://lh3.googleusercontent.com/u/0/d/1SlpyDbWZzPXw1cZT-OWxce5JGzyiuHWc=s3200-k-iv1,vipib,vipod,vipav,vipek,vipib,vipod,vipug,vipal,vipit,vipup,28,Plural,avocados,One avocado.jpg,Two avocados.jpg
Training & Test,5,https://lh3.googleusercontent.com/u/0/d/1lQr4HMhNy-psm9AM_L-3s3mek84O6a6K=s3200-k-iv1,https://lh3.googleusercontent.com/u/0/d/1SlpyDbWZzPXw1cZT-OWxce5JGzyiuHWc=s3200-k-iv1,vipav,vipod,vipav,vipek,vipib,vipod,vipug,vipal,vipit,vipup,28,Plural,avocados,One avocado.jpg,Two avocados.jpg
Training & Test,6,https://lh3.googleusercontent.com/u/0/d/1lQr4HMhNy-psm9AM_L-3s3mek84O6a6K=s3200-k-iv1,https://lh3.googleusercontent.com/u/0/d/1SlpyDbWZzPXw1cZT-OWxce5JGzyiuHWc=s3200-k-iv1,vipug,vipal,vipav,vipek,vipib,vipod,vipug,vipal,vipit,vipup,28,Plural,avocados,One avocado.jpg,Two avocados.jpg
Training & Test,1,https://lh3.googleusercontent.com/u/0/d/1APbyh7hVZqWtIttn1NwGR0Daulb5xM9g=s3200-k-iv1,https://lh3.googleusercontent.com/u/0/d/1pNmhfOCe022JvC3m29KLH1jPe7uRWYWp=s3200-k-iv1,gutib,gutod,gutav,gutek,gutib,gutod,gutug,gutal,gutit,gutup,29,Plural,cans,One can.jpg,Two cans.jpg
Training & Test,2,https://lh3.googleusercontent.com/u/0/d/1APbyh7hVZqWtIttn1NwGR0Daulb5xM9g=s3200-k-iv1,https://lh3.googleusercontent.com/u/0/d/1pNmhfOCe022JvC3m29KLH1jPe7uRWYWp=s3200-k-iv1,gutib,gutod,gutav,gutek,gutib,gutod,gutug,gutal,gutit,gutup,29,Plural,cans,One can.jpg,Two cans.jpg
Training & Test,3,https://lh3.googleusercontent.com/u/0/d/1APbyh7hVZqWtIttn1NwGR0Daulb5xM9g=s3200-k-iv1,https://lh3.googleusercontent.com/u/0/d/1pNmhfOCe022JvC3m29KLH1jPe7uRWYWp=s3200-k-iv1,gutav,gutod,gutav,gutek,gutib,gutod,gutug,gutal,gutit,gutup,29,Plural,cans,One can.jpg,Two cans.jpg
Training & Test,4,https://lh3.googleusercontent.com/u/0/d/1APbyh7hVZqWtIttn1NwGR0Daulb5xM9g=s3200-k-iv1,https://lh3.googleusercontent.com/u/0/d/1pNmhfOCe022JvC3m29KLH1jPe7uRWYWp=s3200-k-iv1,gutav,gutek,gutav,gutek,gutib,gutod,gutug,gutal,gutit,gutup,29,Plural,cans,One can.jpg,Two cans.jpg
Training & Test,5,https://lh3.googleusercontent.com/u/0/d/1APbyh7hVZqWtIttn1NwGR0Daulb5xM9g=s3200-k-iv1,https://lh3.googleusercontent.com/u/0/d/1pNmhfOCe022JvC3m29KLH1jPe7uRWYWp=s3200-k-iv1,gutug,gutal,gutav,gutek,gutib,gutod,gutug,gutal,gutit,gutup,29,Plural,cans,One can.jpg,Two cans.jpg
Training & Test,6,https://lh3.googleusercontent.com/u/0/d/1APbyh7hVZqWtIttn1NwGR0Daulb5xM9g=s3200-k-iv1,https://lh3.googleusercontent.com/u/0/d/1pNmhfOCe022JvC3m29KLH1jPe7uRWYWp=s3200-k-iv1,gutav,gutek,gutav,gutek,gutib,gutod,gutug,gutal,gutit,gutup,29,Plural,cans,One can.jpg,Two cans.jpg
Training & Test,1,https://lh3.googleusercontent.com/u/0/d/1Hge-hE82ee_JChO34UBT-9_dvE4XabCK=s3200-k-iv1,https://lh3.googleusercontent.com/u/0/d/1tYhJgwZ6wK0kW4vZhXurW9EET5WW2xK3=s3200-k-iv1,savib,savod,savav,savek,savib,savod,savug,saval,savit,savup,30,Plural,casettes,One casette.jpg,Two casettes.jpg
Training & Test,2,https://lh3.googleusercontent.com/u/0/d/1Hge-hE82ee_JChO34UBT-9_dvE4XabCK=s3200-k-iv1,https://lh3.googleusercontent.com/u/0/d/1tYhJgwZ6wK0kW4vZhXurW9EET5WW2xK3=s3200-k-iv1,savav,savod,savav,savek,savib,savod,savug,saval,savit,savup,30,Plural,casettes,One casette.jpg,Two casettes.jpg
Training & Test,3,https://lh3.googleusercontent.com/u/0/d/1Hge-hE82ee_JChO34UBT-9_dvE4XabCK=s3200-k-iv1,https://lh3.googleusercontent.com/u/0/d/1tYhJgwZ6wK0kW4vZhXurW9EET5WW2xK3=s3200-k-iv1,savav,savek,savav,savek,savib,savod,savug,saval,savit,savup,30,Plural,casettes,One casette.jpg,Two casettes.jpg
Training & Test,4,https://lh3.googleusercontent.com/u/0/d/1Hge-hE82ee_JChO34UBT-9_dvE4XabCK=s3200-k-iv1,https://lh3.googleusercontent.com/u/0/d/1tYhJgwZ6wK0kW4vZhXurW9EET5WW2xK3=s3200-k-iv1,savug,saval,savav,savek,savib,savod,savug,saval,savit,savup,30,Plural,casettes,One casette.jpg,Two casettes.jpg
Training & Test,5,https://lh3.googleusercontent.com/u/0/d/1Hge-hE82ee_JChO34UBT-9_dvE4XabCK=s3200-k-iv1,https://lh3.googleusercontent.com/u/0/d/1tYhJgwZ6wK0kW4vZhXurW9EET5WW2xK3=s3200-k-iv1,savav,savek,savav,savek,savib,savod,savug,saval,savit,savup,30,Plural,casettes,One casette.jpg,Two casettes.jpg
Training & Test,6,https://lh3.googleusercontent.com/u/0/d/1Hge-hE82ee_JChO34UBT-9_dvE4XabCK=s3200-k-iv1,https://lh3.googleusercontent.com/u/0/d/1tYhJgwZ6wK0kW4vZhXurW9EET5WW2xK3=s3200-k-iv1,savit,savup,savav,savek,savib,savod,savug,saval,savit,savup,30,Plural,casettes,One casette.jpg,Two casettes.jpg
Training & Test,1,https://lh3.googleusercontent.com/u/0/d/1-um4xxtvq-pNC793_vctm28O07w0fpy1=s3200-k-iv1,https://lh3.googleusercontent.com/u/0/d/1mHqr72UDbtbjj--W-0_0j9czziuNFLgX=s3200-k-iv1,yezav,yezek,yezav,yezek,yezib,yezod,yezug,yezal,yezit,yezup,31,Plural,chairs,One chair.jpg,Two chairs.jpg
Training & Test,2,https://lh3.googleusercontent.com/u/0/d/1-um4xxtvq-pNC793_vctm28O07w0fpy1=s3200-k-iv1,https://lh3.googleusercontent.com/u/0/d/1mHqr72UDbtbjj--W-0_0j9czziuNFLgX=s3200-k-iv1,yezav,yezek,yezav,yezek,yezib,yezod,yezug,yezal,yezit,yezup,31,Plural,chairs,One chair.jpg,Two chairs.jpg
Training & Test,3,https://lh3.googleusercontent.com/u/0/d/1-um4xxtvq-pNC793_vctm28O07w0fpy1=s3200-k-iv1,https://lh3.googleusercontent.com/u/0/d/1mHqr72UDbtbjj--W-0_0j9czziuNFLgX=s3200-k-iv1,yezav,yezod,yezav,yezek,yezib,yezod,yezug,yezal,yezit,yezup,31,Plural,chairs,One chair.jpg,Two chairs.jpg
Training & Test,4,https://lh3.googleusercontent.com/u/0/d/1-um4xxtvq-pNC793_vctm28O07w0fpy1=s3200-k-iv1,https://lh3.googleusercontent.com/u/0/d/1mHqr72UDbtbjj--W-0_0j9czziuNFLgX=s3200-k-iv1,yezav,yezek,yezav,yezek,yezib,yezod,yezug,yezal,yezit,yezup,31,Plural,chairs,One chair.jpg,Two chairs.jpg
Training & Test,5,https://lh3.googleusercontent.com/u/0/d/1-um4xxtvq-pNC793_vctm28O07w0fpy1=s3200-k-iv1,https://lh3.googleusercontent.com/u/0/d/1mHqr72UDbtbjj--W-0_0j9czziuNFLgX=s3200-k-iv1,yezav,yezek,yezav,yezek,yezib,yezod,yezug,yezal,yezit,yezup,31,Plural,chairs,One chair.jpg,Two chairs.jpg
Training & Test,6,https://lh3.googleusercontent.com/u/0/d/1-um4xxtvq-pNC793_vctm28O07w0fpy1=s3200-k-iv1,https://lh3.googleusercontent.com/u/0/d/1mHqr72UDbtbjj--W-0_0j9czziuNFLgX=s3200-k-iv1,yezit,yezup,yezav,yezek,yezib,yezod,yezug,yezal,yezit,yezup,31,Plural,chairs,One chair.jpg,Two chairs.jpg
Training & Test,1,https://lh3.googleusercontent.com/u/0/d/1mkva0s5Z81FrpngCVw34a_gHqfmLmsQc=s3200-k-iv1,https://lh3.googleusercontent.com/u/0/d/1qVXZUNIJ2IjYOqU1CBXu4jeUlzEl6AYj=s3200-k-iv1,tigib,tigod,tigav,tigek,tigib,tigod,tigug,tigal,tigit,tigup,32,Plural,clocks,One clock.jpg,Two clocks.jpg
Training & Test,2,https://lh3.googleusercontent.com/u/0/d/1mkva0s5Z81FrpngCVw34a_gHqfmLmsQc=s3200-k-iv1,https://lh3.googleusercontent.com/u/0/d/1qVXZUNIJ2IjYOqU1CBXu4jeUlzEl6AYj=s3200-k-iv1,tigav,tigod,tigav,tigek,tigib,tigod,tigug,tigal,tigit,tigup,32,Plural,clocks,One clock.jpg,Two clocks.jpg
Training & Test,3,https://lh3.googleusercontent.com/u/0/d/1mkva0s5Z81FrpngCVw34a_gHqfmLmsQc=s3200-k-iv1,https://lh3.googleusercontent.com/u/0/d/1qVXZUNIJ2IjYOqU1CBXu4jeUlzEl6AYj=s3200-k-iv1,tigib,tigod,tigav,tigek,tigib,tigod,tigug,tigal,tigit,tigup,32,Plural,clocks,One clock.jpg,Two clocks.jpg
Training & Test,4,https://lh3.googleusercontent.com/u/0/d/1mkva0s5Z81FrpngCVw34a_gHqfmLmsQc=s3200-k-iv1,https://lh3.googleusercontent.com/u/0/d/1qVXZUNIJ2IjYOqU1CBXu4jeUlzEl6AYj=s3200-k-iv1,tigug,tigal,tigav,tigek,tigib,tigod,tigug,tigal,tigit,tigup,32,Plural,clocks,One clock.jpg,Two clocks.jpg
Training & Test,5,https://lh3.googleusercontent.com/u/0/d/1mkva0s5Z81FrpngCVw34a_gHqfmLmsQc=s3200-k-iv1,https://lh3.googleusercontent.com/u/0/d/1qVXZUNIJ2IjYOqU1CBXu4jeUlzEl6AYj=s3200-k-iv1,tigav,tigek,tigav,tigek,tigib,tigod,tigug,tigal,tigit,tigup,32,Plural,clocks,One clock.jpg,Two clocks.jpg
Training & Test,6,https://lh3.googleusercontent.com/u/0/d/1mkva0s5Z81FrpngCVw34a_gHqfmLmsQc=s3200-k-iv1,https://lh3.googleusercontent.com/u/0/d/1qVXZUNIJ2IjYOqU1CBXu4jeUlzEl6AYj=s3200-k-iv1,tigav,tigek,tigav,tigek,tigib,tigod,tigug,tigal,tigit,tigup,32,Plural,clocks,One clock.jpg,Two clocks.jpg
Training & Test,1,https://lh3.googleusercontent.com/u/0/d/1XrBQmhPsvirm0f8xzCMPynm-3ueOcxJi=s3200-k-iv1,https://lh3.googleusercontent.com/u/0/d/1c-QuUwGebqYycv8QdcXZe1xdffDPxymx=s3200-k-iv1,ronib,ronod,ronav,ronek,ronib,ronod,ronug,ronal,ronit,ronup,33,Plural,computers,One computer.jpg,Two computers.jpg
Training & Test,2,https://lh3.googleusercontent.com/u/0/d/1XrBQmhPsvirm0f8xzCMPynm-3ueOcxJi=s3200-k-iv1,https://lh3.googleusercontent.com/u/0/d/1c-QuUwGebqYycv8QdcXZe1xdffDPxymx=s3200-k-iv1,ronav,ronek,ronav,ronek,ronib,ronod,ronug,ronal,ronit,ronup,33,Plural,computers,One computer.jpg,Two computers.jpg
Training & Test,3,https://lh3.googleusercontent.com/u/0/d/1XrBQmhPsvirm0f8xzCMPynm-3ueOcxJi=s3200-k-iv1,https://lh3.googleusercontent.com/u/0/d/1c-QuUwGebqYycv8QdcXZe1xdffDPxymx=s3200-k-iv1,ronib,ronek,ronav,ronek,ronib,ronod,ronug,ronal,ronit,ronup,33,Plural,computers,One computer.jpg,Two computers.jpg
Training & Test,4,https://lh3.googleusercontent.com/u/0/d/1XrBQmhPsvirm0f8xzCMPynm-3ueOcxJi=s3200-k-iv1,https://lh3.googleusercontent.com/u/0/d/1c-QuUwGebqYycv8QdcXZe1xdffDPxymx=s3200-k-iv1,ronug,ronal,ronav,ronek,ronib,ronod,ronug,ronal,ronit,ronup,33,Plural,computers,One computer.jpg,Two computers.jpg
Training & Test,5,https://lh3.googleusercontent.com/u/0/d/1XrBQmhPsvirm0f8xzCMPynm-3ueOcxJi=s3200-k-iv1,https://lh3.googleusercontent.com/u/0/d/1c-QuUwGebqYycv8QdcXZe1xdffDPxymx=s3200-k-iv1,ronav,ronod,ronav,ronek,ronib,ronod,ronug,ronal,ronit,ronup,33,Plural,computers,One computer.jpg,Two computers.jpg
Training & Test,6,https://lh3.googleusercontent.com/u/0/d/1XrBQmhPsvirm0f8xzCMPynm-3ueOcxJi=s3200-k-iv1,https://lh3.googleusercontent.com/u/0/d/1c-QuUwGebqYycv8QdcXZe1xdffDPxymx=s3200-k-iv1,ronib,ronod,ronav,ronek,ronib,ronod,ronug,ronal,ronit,ronup,33,Plural,computers,One computer.jpg,Two computers.jpg
Training & Test,1,https://lh3.googleusercontent.com/u/0/d/1bPmXFw2B8xm-BRGwmj0Tbsb4NUQ6t-eq=s3200-k-iv1,https://lh3.googleusercontent.com/u/0/d/12QV7u5fFtLi0sup8YRUa7PLA_zpFmlfy=s3200-k-iv1,zupav,zupek,zupav,zupek,zupib,zupod,zupug,zupal,zupit,zupup,34,Plural,dictionaries,One plate.jpg,Two plates.jpg
Training & Test,2,https://lh3.googleusercontent.com/u/0/d/1bPmXFw2B8xm-BRGwmj0Tbsb4NUQ6t-eq=s3200-k-iv1,https://lh3.googleusercontent.com/u/0/d/12QV7u5fFtLi0sup8YRUa7PLA_zpFmlfy=s3200-k-iv1,zupav,zupod,zupav,zupek,zupib,zupod,zupug,zupal,zupit,zupup,34,Plural,dictionaries,One plate.jpg,Two plates.jpg
Training & Test,3,https://lh3.googleusercontent.com/u/0/d/1bPmXFw2B8xm-BRGwmj0Tbsb4NUQ6t-eq=s3200-k-iv1,https://lh3.googleusercontent.com/u/0/d/12QV7u5fFtLi0sup8YRUa7PLA_zpFmlfy=s3200-k-iv1,zupav,zupek,zupav,zupek,zupib,zupod,zupug,zupal,zupit,zupup,34,Plural,dictionaries,One plate.jpg,Two plates.jpg
Training & Test,4,https://lh3.googleusercontent.com/u/0/d/1bPmXFw2B8xm-BRGwmj0Tbsb4NUQ6t-eq=s3200-k-iv1,https://lh3.googleusercontent.com/u/0/d/12QV7u5fFtLi0sup8YRUa7PLA_zpFmlfy=s3200-k-iv1,zupib,zupod,zupav,zupek,zupib,zupod,zupug,zupal,zupit,zupup,34,Plural,dictionaries,One plate.jpg,Two plates.jpg
Training & Test,5,https://lh3.googleusercontent.com/u/0/d/1bPmXFw2B8xm-BRGwmj0Tbsb4NUQ6t-eq=s3200-k-iv1,https://lh3.googleusercontent.com/u/0/d/12QV7u5fFtLi0sup8YRUa7PLA_zpFmlfy=s3200-k-iv1,zupug,zupal,zupav,zupek,zupib,zupod,zupug,zupal,zupit,zupup,34,Plural,dictionaries,One plate.jpg,Two plates.jpg
Training & Test,6,https://lh3.googleusercontent.com/u/0/d/1bPmXFw2B8xm-BRGwmj0Tbsb4NUQ6t-eq=s3200-k-iv1,https://lh3.googleusercontent.com/u/0/d/12QV7u5fFtLi0sup8YRUa7PLA_zpFmlfy=s3200-k-iv1,zupug,zupal,zupav,zupek,zupib,zupod,zupug,zupal,zupit,zupup,34,Plural,dictionaries,One plate.jpg,Two plates.jpg
Training & Test,1,https://lh3.googleusercontent.com/u/0/d/1TptIA_ws9gdLRoyMNlXf0Q_KucmYln_O=s3200-k-iv1,https://lh3.googleusercontent.com/u/0/d/1BP40oMXMlSoKqxLN9t72IZsp-lE2VASz=s3200-k-iv1,jagav,jagek,jagav,jagek,jagib,jagod,jagug,jagal,jagit,jagup,35,Plural,frogs,One frog.jpg,Two frogs.jpg
Training & Test,2,https://lh3.googleusercontent.com/u/0/d/1TptIA_ws9gdLRoyMNlXf0Q_KucmYln_O=s3200-k-iv1,https://lh3.googleusercontent.com/u/0/d/1BP40oMXMlSoKqxLN9t72IZsp-lE2VASz=s3200-k-iv1,jagib,jagod,jagav,jagek,jagib,jagod,jagug,jagal,jagit,jagup,35,Plural,frogs,One frog.jpg,Two frogs.jpg
Training & Test,3,https://lh3.googleusercontent.com/u/0/d/1TptIA_ws9gdLRoyMNlXf0Q_KucmYln_O=s3200-k-iv1,https://lh3.googleusercontent.com/u/0/d/1BP40oMXMlSoKqxLN9t72IZsp-lE2VASz=s3200-k-iv1,jagav,jagod,jagav,jagek,jagib,jagod,jagug,jagal,jagit,jagup,35,Plural,frogs,One frog.jpg,Two frogs.jpg
Training & Test,4,https://lh3.googleusercontent.com/u/0/d/1TptIA_ws9gdLRoyMNlXf0Q_KucmYln_O=s3200-k-iv1,https://lh3.googleusercontent.com/u/0/d/1BP40oMXMlSoKqxLN9t72IZsp-lE2VASz=s3200-k-iv1,jagib,jagod,jagav,jagek,jagib,jagod,jagug,jagal,jagit,jagup,35,Plural,frogs,One frog.jpg,Two frogs.jpg
Training & Test,5,https://lh3.googleusercontent.com/u/0/d/1TptIA_ws9gdLRoyMNlXf0Q_KucmYln_O=s3200-k-iv1,https://lh3.googleusercontent.com/u/0/d/1BP40oMXMlSoKqxLN9t72IZsp-lE2VASz=s3200-k-iv1,jagib,jagod,jagav,jagek,jagib,jagod,jagug,jagal,jagit,jagup,35,Plural,frogs,One frog.jpg,Two frogs.jpg
Training & Test,6,https://lh3.googleusercontent.com/u/0/d/1TptIA_ws9gdLRoyMNlXf0Q_KucmYln_O=s3200-k-iv1,https://lh3.googleusercontent.com/u/0/d/1BP40oMXMlSoKqxLN9t72IZsp-lE2VASz=s3200-k-iv1,jagav,jagek,jagav,jagek,jagib,jagod,jagug,jagal,jagit,jagup,35,Plural,frogs,One frog.jpg,Two frogs.jpg
Training & Test,1,https://lh3.googleusercontent.com/u/0/d/1Umy4nZJ3IxMjpboV626cSMY8p63dV1lF=s3200-k-iv1,https://lh3.googleusercontent.com/u/0/d/1Zal-keo_6JKYfJeDildHOSdfOVr_MLhL=s3200-k-iv1,febav,febek,febav,febek,febib,febod,febug,febal,febit,febup,36,Plural,hats,One hat.jpg,Two hats.jpg
Training & Test,2,https://lh3.googleusercontent.com/u/0/d/1Umy4nZJ3IxMjpboV626cSMY8p63dV1lF=s3200-k-iv1,https://lh3.googleusercontent.com/u/0/d/1Zal-keo_6JKYfJeDildHOSdfOVr_MLhL=s3200-k-iv1,febav,febod,febav,febek,febib,febod,febug,febal,febit,febup,36,Plural,hats,One hat.jpg,Two hats.jpg
Training & Test,3,https://lh3.googleusercontent.com/u/0/d/1Umy4nZJ3IxMjpboV626cSMY8p63dV1lF=s3200-k-iv1,https://lh3.googleusercontent.com/u/0/d/1Zal-keo_6JKYfJeDildHOSdfOVr_MLhL=s3200-k-iv1,febib,febod,febav,febek,febib,febod,febug,febal,febit,febup,36,Plural,hats,One hat.jpg,Two hats.jpg
Training & Test,4,https://lh3.googleusercontent.com/u/0/d/1Umy4nZJ3IxMjpboV626cSMY8p63dV1lF=s3200-k-iv1,https://lh3.googleusercontent.com/u/0/d/1Zal-keo_6JKYfJeDildHOSdfOVr_MLhL=s3200-k-iv1,febib,febod,febav,febek,febib,febod,febug,febal,febit,febup,36,Plural,hats,One hat.jpg,Two hats.jpg
Training & Test,5,https://lh3.googleusercontent.com/u/0/d/1Umy4nZJ3IxMjpboV626cSMY8p63dV1lF=s3200-k-iv1,https://lh3.googleusercontent.com/u/0/d/1Zal-keo_6JKYfJeDildHOSdfOVr_MLhL=s3200-k-iv1,febib,febod,febav,febek,febib,febod,febug,febal,febit,febup,36,Plural,hats,One hat.jpg,Two hats.jpg
Training & Test,6,https://lh3.googleusercontent.com/u/0/d/1Umy4nZJ3IxMjpboV626cSMY8p63dV1lF=s3200-k-iv1,https://lh3.googleusercontent.com/u/0/d/1Zal-keo_6JKYfJeDildHOSdfOVr_MLhL=s3200-k-iv1,febit,febup,febav,febek,febib,febod,febug,febal,febit,febup,36,Plural,hats,One hat.jpg,Two hats.jpg
Test only,1,https://lh3.googleusercontent.com/u/0/d/1enTlW5yW9ii0BZP_D4zxZsqwk-Q8Xex0=s3200-k-iv1,https://lh3.googleusercontent.com/u/0/d/1-aEpU-HHuZky881G2gji-6bs7pl0dS7i=s3200-k-iv1,wuxav,wuxek,wuxav,wuxek,wuxib,wuxod,wuxug,wuxal,wuxit,wuxup,37,Plural,lightbulbs,One lightbulb.jpg,Two lightbulbs.jpg
Test only,2,https://lh3.googleusercontent.com/u/0/d/1enTlW5yW9ii0BZP_D4zxZsqwk-Q8Xex0=s3200-k-iv1,https://lh3.googleusercontent.com/u/0/d/1-aEpU-HHuZky881G2gji-6bs7pl0dS7i=s3200-k-iv1,wuxib,wuxod,wuxav,wuxek,wuxib,wuxod,wuxug,wuxal,wuxit,wuxup,37,Plural,lightbulbs,One lightbulb.jpg,Two lightbulbs.jpg
Test only,3,https://lh3.googleusercontent.com/u/0/d/1enTlW5yW9ii0BZP_D4zxZsqwk-Q8Xex0=s3200-k-iv1,https://lh3.googleusercontent.com/u/0/d/1-aEpU-HHuZky881G2gji-6bs7pl0dS7i=s3200-k-iv1,wuxav,wuxek,wuxav,wuxek,wuxib,wuxod,wuxug,wuxal,wuxit,wuxup,37,Plural,lightbulbs,One lightbulb.jpg,Two lightbulbs.jpg
Test only,4,https://lh3.googleusercontent.com/u/0/d/1enTlW5yW9ii0BZP_D4zxZsqwk-Q8Xex0=s3200-k-iv1,https://lh3.googleusercontent.com/u/0/d/1-aEpU-HHuZky881G2gji-6bs7pl0dS7i=s3200-k-iv1,wuxug,wuxal,wuxav,wuxek,wuxib,wuxod,wuxug,wuxal,wuxit,wuxup,37,Plural,lightbulbs,One lightbulb.jpg,Two lightbulbs.jpg
Test only,5,https://lh3.googleusercontent.com/u/0/d/1enTlW5yW9ii0BZP_D4zxZsqwk-Q8Xex0=s3200-k-iv1,https://lh3.googleusercontent.com/u/0/d/1-aEpU-HHuZky881G2gji-6bs7pl0dS7i=s3200-k-iv1,wuxug,wuxal,wuxav,wuxek,wuxib,wuxod,wuxug,wuxal,wuxit,wuxup,37,Plural,lightbulbs,One lightbulb.jpg,Two lightbulbs.jpg
Test only,6,https://lh3.googleusercontent.com/u/0/d/1enTlW5yW9ii0BZP_D4zxZsqwk-Q8Xex0=s3200-k-iv1,https://lh3.googleusercontent.com/u/0/d/1-aEpU-HHuZky881G2gji-6bs7pl0dS7i=s3200-k-iv1,wuxib,wuxod,wuxav,wuxek,wuxib,wuxod,wuxug,wuxal,wuxit,wuxup,37,Plural,lightbulbs,One lightbulb.jpg,Two lightbulbs.jpg
Test only,1,https://lh3.googleusercontent.com/u/0/d/1ttSicjMCwMHC0aARe3j7NNf24T-k8TDD=s3200-k-iv1,https://lh3.googleusercontent.com/u/0/d/1yKn1Pvi7jBRz8u96Glt1PJIiobJr8tBB=s3200-k-iv1,nexav,nexek,nexav,nexek,nexib,nexod,nexug,nexal,nexit,nexup,38,Plural,pads of paper,One pad of paper.jpg,Two pads of paper.jpg
Test only,2,https://lh3.googleusercontent.com/u/0/d/1ttSicjMCwMHC0aARe3j7NNf24T-k8TDD=s3200-k-iv1,https://lh3.googleusercontent.com/u/0/d/1yKn1Pvi7jBRz8u96Glt1PJIiobJr8tBB=s3200-k-iv1,nexav,nexod,nexav,nexek,nexib,nexod,nexug,nexal,nexit,nexup,38,Plural,pads of paper,One pad of paper.jpg,Two pads of paper.jpg
Test only,3,https://lh3.googleusercontent.com/u/0/d/1ttSicjMCwMHC0aARe3j7NNf24T-k8TDD=s3200-k-iv1,https://lh3.googleusercontent.com/u/0/d/1yKn1Pvi7jBRz8u96Glt1PJIiobJr8tBB=s3200-k-iv1,nexib,nexod,nexav,nexek,nexib,nexod,nexug,nexal,nexit,nexup,38,Plural,pads of paper,One pad of paper.jpg,Two pads of paper.jpg
Test only,4,https://lh3.googleusercontent.com/u/0/d/1ttSicjMCwMHC0aARe3j7NNf24T-k8TDD=s3200-k-iv1,https://lh3.googleusercontent.com/u/0/d/1yKn1Pvi7jBRz8u96Glt1PJIiobJr8tBB=s3200-k-iv1,nexug,nexal,nexav,nexek,nexib,nexod,nexug,nexal,nexit,nexup,38,Plural,pads of paper,One pad of paper.jpg,Two pads of paper.jpg
Test only,5,https://lh3.googleusercontent.com/u/0/d/1ttSicjMCwMHC0aARe3j7NNf24T-k8TDD=s3200-k-iv1,https://lh3.googleusercontent.com/u/0/d/1yKn1Pvi7jBRz8u96Glt1PJIiobJr8tBB=s3200-k-iv1,nexib,nexod,nexav,nexek,nexib,nexod,nexug,nexal,nexit,nexup,38,Plural,pads of paper,One pad of paper.jpg,Two pads of paper.jpg
Test only,6,https://lh3.googleusercontent.com/u/0/d/1ttSicjMCwMHC0aARe3j7NNf24T-k8TDD=s3200-k-iv1,https://lh3.googleusercontent.com/u/0/d/1yKn1Pvi7jBRz8u96Glt1PJIiobJr8tBB=s3200-k-iv1,nexav,nexod,nexav,nexek,nexib,nexod,nexug,nexal,nexit,nexup,38,Plural,pads of paper,One pad of paper.jpg,Two pads of paper.jpg
Test only,1,https://lh3.googleusercontent.com/u/0/d/1vPJcTH3wUf3SrREanrQi5LJR7ZMW15cz=s3200-k-iv1,https://lh3.googleusercontent.com/u/0/d/1xHvbEqT2khsxYRlz6oRSIenstE93qPuT=s3200-k-iv1,tefav,tefek,tefav,tefek,tefib,tefod,tefug,tefal,tefit,tefup,39,Plural,pairs of scissors,One pair of scissors.jpg,Two pairs of scissors.jpg
Test only,2,https://lh3.googleusercontent.com/u/0/d/1vPJcTH3wUf3SrREanrQi5LJR7ZMW15cz=s3200-k-iv1,https://lh3.googleusercontent.com/u/0/d/1xHvbEqT2khsxYRlz6oRSIenstE93qPuT=s3200-k-iv1,tefav,tefod,tefav,tefek,tefib,tefod,tefug,tefal,tefit,tefup,39,Plural,pairs of scissors,One pair of scissors.jpg,Two pairs of scissors.jpg
Test only,3,https://lh3.googleusercontent.com/u/0/d/1vPJcTH3wUf3SrREanrQi5LJR7ZMW15cz=s3200-k-iv1,https://lh3.googleusercontent.com/u/0/d/1xHvbEqT2khsxYRlz6oRSIenstE93qPuT=s3200-k-iv1,tefib,tefod,tefav,tefek,tefib,tefod,tefug,tefal,tefit,tefup,39,Plural,pairs of scissors,One pair of scissors.jpg,Two pairs of scissors.jpg
Test only,4,https://lh3.googleusercontent.com/u/0/d/1vPJcTH3wUf3SrREanrQi5LJR7ZMW15cz=s3200-k-iv1,https://lh3.googleusercontent.com/u/0/d/1xHvbEqT2khsxYRlz6oRSIenstE93qPuT=s3200-k-iv1,tefug,tefal,tefav,tefek,tefib,tefod,tefug,tefal,tefit,tefup,39,Plural,pairs of scissors,One pair of scissors.jpg,Two pairs of scissors.jpg
Test only,5,https://lh3.googleusercontent.com/u/0/d/1vPJcTH3wUf3SrREanrQi5LJR7ZMW15cz=s3200-k-iv1,https://lh3.googleusercontent.com/u/0/d/1xHvbEqT2khsxYRlz6oRSIenstE93qPuT=s3200-k-iv1,tefav,tefod,tefav,tefek,tefib,tefod,tefug,tefal,tefit,tefup,39,Plural,pairs of scissors,One pair of scissors.jpg,Two pairs of scissors.jpg
Test only,6,https://lh3.googleusercontent.com/u/0/d/1vPJcTH3wUf3SrREanrQi5LJR7ZMW15cz=s3200-k-iv1,https://lh3.googleusercontent.com/u/0/d/1xHvbEqT2khsxYRlz6oRSIenstE93qPuT=s3200-k-iv1,tefug,tefal,tefav,tefek,tefib,tefod,tefug,tefal,tefit,tefup,39,Plural,pairs of scissors,One pair of scissors.jpg,Two pairs of scissors.jpg
Test only,1,https://lh3.googleusercontent.com/u/0/d/1yI2N8ZoDoM0byLWoJaVowbQnMJqIQ0SM=s3200-k-iv1,https://lh3.googleusercontent.com/u/0/d/1b68IubegN9PG4UnM9o44_w0ocfJYAi7Y=s3200-k-iv1,dofib,dofod,dofav,dofek,dofib,dofod,dofug,dofal,dofit,dofup,40,Plural,pairs of sunglasses,One pair of sunglasses.jpg,Two pairs of sunglasses.jpg
Test only,2,https://lh3.googleusercontent.com/u/0/d/1yI2N8ZoDoM0byLWoJaVowbQnMJqIQ0SM=s3200-k-iv1,https://lh3.googleusercontent.com/u/0/d/1b68IubegN9PG4UnM9o44_w0ocfJYAi7Y=s3200-k-iv1,dofib,dofod,dofav,dofek,dofib,dofod,dofug,dofal,dofit,dofup,40,Plural,pairs of sunglasses,One pair of sunglasses.jpg,Two pairs of sunglasses.jpg
Test only,3,https://lh3.googleusercontent.com/u/0/d/1yI2N8ZoDoM0byLWoJaVowbQnMJqIQ0SM=s3200-k-iv1,https://lh3.googleusercontent.com/u/0/d/1b68IubegN9PG4UnM9o44_w0ocfJYAi7Y=s3200-k-iv1,dofav,dofod,dofav,dofek,dofib,dofod,dofug,dofal,dofit,dofup,40,Plural,pairs of sunglasses,One pair of sunglasses.jpg,Two pairs of sunglasses.jpg
Test only,4,https://lh3.googleusercontent.com/u/0/d/1yI2N8ZoDoM0byLWoJaVowbQnMJqIQ0SM=s3200-k-iv1,https://lh3.googleusercontent.com/u/0/d/1b68IubegN9PG4UnM9o44_w0ocfJYAi7Y=s3200-k-iv1,dofib,dofod,dofav,dofek,dofib,dofod,dofug,dofal,dofit,dofup,40,Plural,pairs of sunglasses,One pair of sunglasses.jpg,Two pairs of sunglasses.jpg
Test only,5,https://lh3.googleusercontent.com/u/0/d/1yI2N8ZoDoM0byLWoJaVowbQnMJqIQ0SM=s3200-k-iv1,https://lh3.googleusercontent.com/u/0/d/1b68IubegN9PG4UnM9o44_w0ocfJYAi7Y=s3200-k-iv1,dofib,dofod,dofav,dofek,dofib,dofod,dofug,dofal,dofit,dofup,40,Plural,pairs of sunglasses,One pair of sunglasses.jpg,Two pairs of sunglasses.jpg
Test only,6,https://lh3.googleusercontent.com/u/0/d/1yI2N8ZoDoM0byLWoJaVowbQnMJqIQ0SM=s3200-k-iv1,https://lh3.googleusercontent.com/u/0/d/1b68IubegN9PG4UnM9o44_w0ocfJYAi7Y=s3200-k-iv1,dofav,dofek,dofav,dofek,dofib,dofod,dofug,dofal,dofit,dofup,40,Plural,pairs of sunglasses,One pair of sunglasses.jpg,Two pairs of sunglasses.jpg
Test only,1,https://lh3.googleusercontent.com/u/0/d/19kDZwYIavGrBkzZKUz3k4ZYjLLMnZze7=s3200-k-iv1,https://lh3.googleusercontent.com/u/0/d/1sCAlEmvK3NKcOj4xhMYTU9mzqc3hOwF7=s3200-k-iv1,hisav,hisek,hisav,hisek,hisib,hisod,hisug,hisal,hisit,hisup,41,Plural,pens,One pen.jpg,Two pens.jpg
Test only,2,https://lh3.googleusercontent.com/u/0/d/19kDZwYIavGrBkzZKUz3k4ZYjLLMnZze7=s3200-k-iv1,https://lh3.googleusercontent.com/u/0/d/1sCAlEmvK3NKcOj4xhMYTU9mzqc3hOwF7=s3200-k-iv1,hisav,hisod,hisav,hisek,hisib,hisod,hisug,hisal,hisit,hisup,41,Plural,pens,One pen.jpg,Two pens.jpg
Test only,3,https://lh3.googleusercontent.com/u/0/d/19kDZwYIavGrBkzZKUz3k4ZYjLLMnZze7=s3200-k-iv1,https://lh3.googleusercontent.com/u/0/d/1sCAlEmvK3NKcOj4xhMYTU9mzqc3hOwF7=s3200-k-iv1,hisib,hisod,hisav,hisek,hisib,hisod,hisug,hisal,hisit,hisup,41,Plural,pens,One pen.jpg,Two pens.jpg
Test only,4,https://lh3.googleusercontent.com/u/0/d/19kDZwYIavGrBkzZKUz3k4ZYjLLMnZze7=s3200-k-iv1,https://lh3.googleusercontent.com/u/0/d/1sCAlEmvK3NKcOj4xhMYTU9mzqc3hOwF7=s3200-k-iv1,hisib,hisod,hisav,hisek,hisib,hisod,hisug,hisal,hisit,hisup,41,Plural,pens,One pen.jpg,Two pens.jpg
Test only,5,https://lh3.googleusercontent.com/u/0/d/19kDZwYIavGrBkzZKUz3k4ZYjLLMnZze7=s3200-k-iv1,https://lh3.googleusercontent.com/u/0/d/1sCAlEmvK3NKcOj4xhMYTU9mzqc3hOwF7=s3200-k-iv1,hisav,hisek,hisav,hisek,hisib,hisod,hisug,hisal,hisit,hisup,41,Plural,pens,One pen.jpg,Two pens.jpg
Test only,6,https://lh3.googleusercontent.com/u/0/d/19kDZwYIavGrBkzZKUz3k4ZYjLLMnZze7=s3200-k-iv1,https://lh3.googleusercontent.com/u/0/d/1sCAlEmvK3NKcOj4xhMYTU9mzqc3hOwF7=s3200-k-iv1,hisug,hisal,hisav,hisek,hisib,hisod,hisug,hisal,hisit,hisup,41,Plural,pens,One pen.jpg,Two pens.jpg
Test only,1,https://lh3.googleusercontent.com/u/0/d/1-y_3eZx68yXJI36PcdJhtKKmfZtM2cz3=s3200-k-iv1,https://lh3.googleusercontent.com/u/0/d/1Ie0D7s8MJpR-GppISEns0xSFbdJQNMPx=s3200-k-iv1,vekib,vekod,vekav,vekek,vekib,vekod,vekug,vekal,vekit,vekup,42,Plural,pencils,One pencil.jpg,Two pencils.jpg
Test only,2,https://lh3.googleusercontent.com/u/0/d/1-y_3eZx68yXJI36PcdJhtKKmfZtM2cz3=s3200-k-iv1,https://lh3.googleusercontent.com/u/0/d/1Ie0D7s8MJpR-GppISEns0xSFbdJQNMPx=s3200-k-iv1,vekav,vekek,vekav,vekek,vekib,vekod,vekug,vekal,vekit,vekup,42,Plural,pencils,One pencil.jpg,Two pencils.jpg
Test only,3,https://lh3.googleusercontent.com/u/0/d/1-y_3eZx68yXJI36PcdJhtKKmfZtM2cz3=s3200-k-iv1,https://lh3.googleusercontent.com/u/0/d/1Ie0D7s8MJpR-GppISEns0xSFbdJQNMPx=s3200-k-iv1,vekav,vekek,vekav,vekek,vekib,vekod,vekug,vekal,vekit,vekup,42,Plural,pencils,One pencil.jpg,Two pencils.jpg
Test only,4,https://lh3.googleusercontent.com/u/0/d/1-y_3eZx68yXJI36PcdJhtKKmfZtM2cz3=s3200-k-iv1,https://lh3.googleusercontent.com/u/0/d/1Ie0D7s8MJpR-GppISEns0xSFbdJQNMPx=s3200-k-iv1,vekav,vekek,vekav,vekek,vekib,vekod,vekug,vekal,vekit,vekup,42,Plural,pencils,One pencil.jpg,Two pencils.jpg
Test only,5,https://lh3.googleusercontent.com/u/0/d/1-y_3eZx68yXJI36PcdJhtKKmfZtM2cz3=s3200-k-iv1,https://lh3.googleusercontent.com/u/0/d/1Ie0D7s8MJpR-GppISEns0xSFbdJQNMPx=s3200-k-iv1,vekav,vekek,vekav,vekek,vekib,vekod,vekug,vekal,vekit,vekup,42,Plural,pencils,One pencil.jpg,Two pencils.jpg
Test only,6,https://lh3.googleusercontent.com/u/0/d/1-y_3eZx68yXJI36PcdJhtKKmfZtM2cz3=s3200-k-iv1,https://lh3.googleusercontent.com/u/0/d/1Ie0D7s8MJpR-GppISEns0xSFbdJQNMPx=s3200-k-iv1,vekav,vekod,vekav,vekek,vekib,vekod,vekug,vekal,vekit,vekup,42,Plural,pencils,One pencil.jpg,Two pencils.jpg
Test only,1,https://lh3.googleusercontent.com/u/0/d/18ojFYisJBMsLHrs2Y0Ms0clXoD3ee71L=s3200-k-iv1,https://lh3.googleusercontent.com/u/0/d/1d8DNpgw2eAYgytxlqKOXcbelSEoFvq3b=s3200-k-iv1,hubib,hubod,hubav,hubek,hubib,hubod,hubug,hubal,hubit,hubup,43,Plural,phones,One phone.jpg,Two phones.jpg
Test only,2,https://lh3.googleusercontent.com/u/0/d/18ojFYisJBMsLHrs2Y0Ms0clXoD3ee71L=s3200-k-iv1,https://lh3.googleusercontent.com/u/0/d/1d8DNpgw2eAYgytxlqKOXcbelSEoFvq3b=s3200-k-iv1,hubav,hubek,hubav,hubek,hubib,hubod,hubug,hubal,hubit,hubup,43,Plural,phones,One phone.jpg,Two phones.jpg
Test only,3,https://lh3.googleusercontent.com/u/0/d/18ojFYisJBMsLHrs2Y0Ms0clXoD3ee71L=s3200-k-iv1,https://lh3.googleusercontent.com/u/0/d/1d8DNpgw2eAYgytxlqKOXcbelSEoFvq3b=s3200-k-iv1,hubav,hubek,hubav,hubek,hubib,hubod,hubug,hubal,hubit,hubup,43,Plural,phones,One phone.jpg,Two phones.jpg
Test only,4,https://lh3.googleusercontent.com/u/0/d/18ojFYisJBMsLHrs2Y0Ms0clXoD3ee71L=s3200-k-iv1,https://lh3.googleusercontent.com/u/0/d/1d8DNpgw2eAYgytxlqKOXcbelSEoFvq3b=s3200-k-iv1,hubib,hubod,hubav,hubek,hubib,hubod,hubug,hubal,hubit,hubup,43,Plural,phones,One phone.jpg,Two phones.jpg
Test only,5,https://lh3.googleusercontent.com/u/0/d/18ojFYisJBMsLHrs2Y0Ms0clXoD3ee71L=s3200-k-iv1,https://lh3.googleusercontent.com/u/0/d/1d8DNpgw2eAYgytxlqKOXcbelSEoFvq3b=s3200-k-iv1,hubib,hubod,hubav,hubek,hubib,hubod,hubug,hubal,hubit,hubup,43,Plural,phones,One phone.jpg,Two phones.jpg
Test only,6,https://lh3.googleusercontent.com/u/0/d/18ojFYisJBMsLHrs2Y0Ms0clXoD3ee71L=s3200-k-iv1,https://lh3.googleusercontent.com/u/0/d/1d8DNpgw2eAYgytxlqKOXcbelSEoFvq3b=s3200-k-iv1,hubav,hubek,hubav,hubek,hubib,hubod,hubug,hubal,hubit,hubup,43,Plural,phones,One phone.jpg,Two phones.jpg
Test only,1,https://lh3.googleusercontent.com/u/0/d/1JAmC6tUnkcqt7k05dXpLLjY9_EXAXsRt=s3200-k-iv1,https://lh3.googleusercontent.com/u/0/d/1AX2QyeT6XOAmLiLl_yg7rh5zUlkc-U6z=s3200-k-iv1,watav,watek,watav,watek,watib,watod,watug,watal,watit,watup,44,Plural,pineapples,One pineapple.jpg,Two pineapples.jpg
Test only,2,https://lh3.googleusercontent.com/u/0/d/1JAmC6tUnkcqt7k05dXpLLjY9_EXAXsRt=s3200-k-iv1,https://lh3.googleusercontent.com/u/0/d/1AX2QyeT6XOAmLiLl_yg7rh5zUlkc-U6z=s3200-k-iv1,watav,watod,watav,watek,watib,watod,watug,watal,watit,watup,44,Plural,pineapples,One pineapple.jpg,Two pineapples.jpg
Test only,3,https://lh3.googleusercontent.com/u/0/d/1JAmC6tUnkcqt7k05dXpLLjY9_EXAXsRt=s3200-k-iv1,https://lh3.googleusercontent.com/u/0/d/1AX2QyeT6XOAmLiLl_yg7rh5zUlkc-U6z=s3200-k-iv1,watav,watod,watav,watek,watib,watod,watug,watal,watit,watup,44,Plural,pineapples,One pineapple.jpg,Two pineapples.jpg
Test only,4,https://lh3.googleusercontent.com/u/0/d/1JAmC6tUnkcqt7k05dXpLLjY9_EXAXsRt=s3200-k-iv1,https://lh3.googleusercontent.com/u/0/d/1AX2QyeT6XOAmLiLl_yg7rh5zUlkc-U6z=s3200-k-iv1,watav,watek,watav,watek,watib,watod,watug,watal,watit,watup,44,Plural,pineapples,One pineapple.jpg,Two pineapples.jpg
Test only,5,https://lh3.googleusercontent.com/u/0/d/1JAmC6tUnkcqt7k05dXpLLjY9_EXAXsRt=s3200-k-iv1,https://lh3.googleusercontent.com/u/0/d/1AX2QyeT6XOAmLiLl_yg7rh5zUlkc-U6z=s3200-k-iv1,watav,watod,watav,watek,watib,watod,watug,watal,watit,watup,44,Plural,pineapples,One pineapple.jpg,Two pineapples.jpg
Test only,6,https://lh3.googleusercontent.com/u/0/d/1JAmC6tUnkcqt7k05dXpLLjY9_EXAXsRt=s3200-k-iv1,https://lh3.googleusercontent.com/u/0/d/1AX2QyeT6XOAmLiLl_yg7rh5zUlkc-U6z=s3200-k-iv1,watav,watod,watav,watek,watib,watod,watug,watal,watit,watup,20,Plural,pineapples,One pineapple.jpg,Two pineapples.jpg
Test only,1,https://lh3.googleusercontent.com/u/0/d/12kKhGIQU3P7Ux9LzJAYBmNbr34otKifl=s3200-k-iv1,https://lh3.googleusercontent.com/u/0/d/15fobRSZZ1gVoFB7AHA2e94_llEBTATDX=s3200-k-iv1,labav,labek,labav,labek,labib,labod,labug,labal,labit,labup,45,Plural,plants,One plant.jpg,Two plants.jpg
Test only,2,https://lh3.googleusercontent.com/u/0/d/12kKhGIQU3P7Ux9LzJAYBmNbr34otKifl=s3200-k-iv1,https://lh3.googleusercontent.com/u/0/d/15fobRSZZ1gVoFB7AHA2e94_llEBTATDX=s3200-k-iv1,labib,labod,labav,labek,labib,labod,labug,labal,labit,labup,45,Plural,plants,One plant.jpg,Two plants.jpg
Test only,3,https://lh3.googleusercontent.com/u/0/d/12kKhGIQU3P7Ux9LzJAYBmNbr34otKifl=s3200-k-iv1,https://lh3.googleusercontent.com/u/0/d/15fobRSZZ1gVoFB7AHA2e94_llEBTATDX=s3200-k-iv1,labib,labek,labav,labek,labib,labod,labug,labal,labit,labup,45,Plural,plants,One plant.jpg,Two plants.jpg
Test only,4,https://lh3.googleusercontent.com/u/0/d/12kKhGIQU3P7Ux9LzJAYBmNbr34otKifl=s3200-k-iv1,https://lh3.googleusercontent.com/u/0/d/15fobRSZZ1gVoFB7AHA2e94_llEBTATDX=s3200-k-iv1,labug,labal,labav,labek,labib,labod,labug,labal,labit,labup,45,Plural,plants,One plant.jpg,Two plants.jpg
Test only,5,https://lh3.googleusercontent.com/u/0/d/12kKhGIQU3P7Ux9LzJAYBmNbr34otKifl=s3200-k-iv1,https://lh3.googleusercontent.com/u/0/d/15fobRSZZ1gVoFB7AHA2e94_llEBTATDX=s3200-k-iv1,labav,labek,labav,labek,labib,labod,labug,labal,labit,labup,45,Plural,plants,One plant.jpg,Two plants.jpg
Test only,6,https://lh3.googleusercontent.com/u/0/d/12kKhGIQU3P7Ux9LzJAYBmNbr34otKifl=s3200-k-iv1,https://lh3.googleusercontent.com/u/0/d/15fobRSZZ1gVoFB7AHA2e94_llEBTATDX=s3200-k-iv1,labib,labod,labav,labek,labib,labod,labug,labal,labit,labup,45,Plural,plants,One plant.jpg,Two plants.jpg
Test only,1,https://lh3.googleusercontent.com/u/0/d/1yl95Xc5XgagOYSut-uig9LzQ5XV9bp6J=s3200-k-iv1,https://lh3.googleusercontent.com/u/0/d/1cTyZSWKxcTzcWiSgp47iGsjR2juqiN-I=s3200-k-iv1,mobib,mobod,mobav,mobek,mobib,mobod,mobug,mobal,mobit,mobup,46,Plural,rolls of tape,One roll of tape.jpg,Two rolls of tape.jpg
Test only,2,https://lh3.googleusercontent.com/u/0/d/1yl95Xc5XgagOYSut-uig9LzQ5XV9bp6J=s3200-k-iv1,https://lh3.googleusercontent.com/u/0/d/1cTyZSWKxcTzcWiSgp47iGsjR2juqiN-I=s3200-k-iv1,mobav,mobek,mobav,mobek,mobib,mobod,mobug,mobal,mobit,mobup,46,Plural,rolls of tape,One roll of tape.jpg,Two rolls of tape.jpg
Test only,3,https://lh3.googleusercontent.com/u/0/d/1yl95Xc5XgagOYSut-uig9LzQ5XV9bp6J=s3200-k-iv1,https://lh3.googleusercontent.com/u/0/d/1cTyZSWKxcTzcWiSgp47iGsjR2juqiN-I=s3200-k-iv1,mobav,mobod,mobav,mobek,mobib,mobod,mobug,mobal,mobit,mobup,46,Plural,rolls of tape,One roll of tape.jpg,Two rolls of tape.jpg
Test only,4,https://lh3.googleusercontent.com/u/0/d/1yl95Xc5XgagOYSut-uig9LzQ5XV9bp6J=s3200-k-iv1,https://lh3.googleusercontent.com/u/0/d/1cTyZSWKxcTzcWiSgp47iGsjR2juqiN-I=s3200-k-iv1,mobib,mobod,mobav,mobek,mobib,mobod,mobug,mobal,mobit,mobup,46,Plural,rolls of tape,One roll of tape.jpg,Two rolls of tape.jpg
Test only,5,https://lh3.googleusercontent.com/u/0/d/1yl95Xc5XgagOYSut-uig9LzQ5XV9bp6J=s3200-k-iv1,https://lh3.googleusercontent.com/u/0/d/1cTyZSWKxcTzcWiSgp47iGsjR2juqiN-I=s3200-k-iv1,mobav,mobod,mobav,mobek,mobib,mobod,mobug,mobal,mobit,mobup,46,Plural,rolls of tape,One roll of tape.jpg,Two rolls of tape.jpg
Test only,6,https://lh3.googleusercontent.com/u/0/d/1yl95Xc5XgagOYSut-uig9LzQ5XV9bp6J=s3200-k-iv1,https://lh3.googleusercontent.com/u/0/d/1cTyZSWKxcTzcWiSgp47iGsjR2juqiN-I=s3200-k-iv1,mobav,mobek,mobav,mobek,mobib,mobod,mobug,mobal,mobit,mobup,46,Plural,rolls of tape,One roll of tape.jpg,Two rolls of tape.jpg
Test only,1,https://lh3.googleusercontent.com/u/0/d/1rR_hbQNSgqBY4Dj0Gq9Au9mN_Ey1JuAp=s3200-k-iv1,https://lh3.googleusercontent.com/u/0/d/1G8WwqocRFA_CWsVHPK4qFSSNl0dBYrNv=s3200-k-iv1,takib,takod,takav,takek,takib,takod,takug,takal,takit,takup,47,Plural,staplers,One stapler.jpg,Two staplers.jpg
Test only,2,https://lh3.googleusercontent.com/u/0/d/1rR_hbQNSgqBY4Dj0Gq9Au9mN_Ey1JuAp=s3200-k-iv1,https://lh3.googleusercontent.com/u/0/d/1G8WwqocRFA_CWsVHPK4qFSSNl0dBYrNv=s3200-k-iv1,takav,takek,takav,takek,takib,takod,takug,takal,takit,takup,47,Plural,staplers,One stapler.jpg,Two staplers.jpg
Test only,3,https://lh3.googleusercontent.com/u/0/d/1rR_hbQNSgqBY4Dj0Gq9Au9mN_Ey1JuAp=s3200-k-iv1,https://lh3.googleusercontent.com/u/0/d/1G8WwqocRFA_CWsVHPK4qFSSNl0dBYrNv=s3200-k-iv1,takib,takek,takav,takek,takib,takod,takug,takal,takit,takup,47,Plural,staplers,One stapler.jpg,Two staplers.jpg
Test only,4,https://lh3.googleusercontent.com/u/0/d/1rR_hbQNSgqBY4Dj0Gq9Au9mN_Ey1JuAp=s3200-k-iv1,https://lh3.googleusercontent.com/u/0/d/1G8WwqocRFA_CWsVHPK4qFSSNl0dBYrNv=s3200-k-iv1,takav,takek,takav,takek,takib,takod,takug,takal,takit,takup,47,Plural,staplers,One stapler.jpg,Two staplers.jpg
Test only,5,https://lh3.googleusercontent.com/u/0/d/1rR_hbQNSgqBY4Dj0Gq9Au9mN_Ey1JuAp=s3200-k-iv1,https://lh3.googleusercontent.com/u/0/d/1G8WwqocRFA_CWsVHPK4qFSSNl0dBYrNv=s3200-k-iv1,takug,takal,takav,takek,takib,takod,takug,takal,takit,takup,47,Plural,staplers,One stapler.jpg,Two staplers.jpg
Test only,6,https://lh3.googleusercontent.com/u/0/d/1rR_hbQNSgqBY4Dj0Gq9Au9mN_Ey1JuAp=s3200-k-iv1,https://lh3.googleusercontent.com/u/0/d/1G8WwqocRFA_CWsVHPK4qFSSNl0dBYrNv=s3200-k-iv1,takug,takal,takav,takek,takib,takod,takug,takal,takit,takup,47,Plural,staplers,One stapler.jpg,Two staplers.jpg
Test only,1,https://lh3.googleusercontent.com/u/0/d/19-C3yT4nt1qm23_QDYbRrjj05a8KfzLk=s3200-k-iv1,https://lh3.googleusercontent.com/u/0/d/1uiFXwCbXENaw2as-NSUDVpXYN5dOXxgV=s3200-k-iv1,yizib,yizod,yizav,yizek,yizib,yizod,yizug,yizal,yizit,yizup,48,Plural,teacups,One teacup.jpg,Two teacups.jpg
Test only,2,https://lh3.googleusercontent.com/u/0/d/19-C3yT4nt1qm23_QDYbRrjj05a8KfzLk=s3200-k-iv1,https://lh3.googleusercontent.com/u/0/d/1uiFXwCbXENaw2as-NSUDVpXYN5dOXxgV=s3200-k-iv1,yizib,yizod,yizav,yizek,yizib,yizod,yizug,yizal,yizit,yizup,48,Plural,teacups,One teacup.jpg,Two teacups.jpg
Test only,3,https://lh3.googleusercontent.com/u/0/d/19-C3yT4nt1qm23_QDYbRrjj05a8KfzLk=s3200-k-iv1,https://lh3.googleusercontent.com/u/0/d/1uiFXwCbXENaw2as-NSUDVpXYN5dOXxgV=s3200-k-iv1,yizib,yizek,yizav,yizek,yizib,yizod,yizug,yizal,yizit,yizup,48,Plural,teacups,One teacup.jpg,Two teacups.jpg
Test only,4,https://lh3.googleusercontent.com/u/0/d/19-C3yT4nt1qm23_QDYbRrjj05a8KfzLk=s3200-k-iv1,https://lh3.googleusercontent.com/u/0/d/1uiFXwCbXENaw2as-NSUDVpXYN5dOXxgV=s3200-k-iv1,yizav,yizek,yizav,yizek,yizib,yizod,yizug,yizal,yizit,yizup,48,Plural,teacups,One teacup.jpg,Two teacups.jpg
Test only,5,https://lh3.googleusercontent.com/u/0/d/19-C3yT4nt1qm23_QDYbRrjj05a8KfzLk=s3200-k-iv1,https://lh3.googleusercontent.com/u/0/d/1uiFXwCbXENaw2as-NSUDVpXYN5dOXxgV=s3200-k-iv1,yizug,yizal,yizav,yizek,yizib,yizod,yizug,yizal,yizit,yizup,48,Plural,teacups,One teacup.jpg,Two teacups.jpg
Test only,6,https://lh3.googleusercontent.com/u/0/d/19-C3yT4nt1qm23_QDYbRrjj05a8KfzLk=s3200-k-iv1,https://lh3.googleusercontent.com/u/0/d/1uiFXwCbXENaw2as-NSUDVpXYN5dOXxgV=s3200-k-iv1,yizib,yizod,yizav,yizek,yizib,yizod,yizug,yizal,yizit,yizup,48,Plural,teacups,One teacup.jpg,Two teacups.jpg
